name,num_presented_peptides,population,vaccine,p_response,log_p_response
0,20,"100-cells.10x, 0",MinSum.budget-10.adaptive,0.9533045283235024,-0.047820879338109315
1,13,"100-cells.10x, 0",MinSum.budget-10.adaptive,0.8746192397657028,-0.13396664188522373
2,15,"100-cells.10x, 0",MinSum.budget-10.adaptive,0.8857467355830899,-0.12132422072673414
3,18,"100-cells.10x, 0",MinSum.budget-10.adaptive,0.9685089196894837,-0.03199758637937177
4,17,"100-cells.10x, 0",MinSum.budget-10.adaptive,0.9715636147136891,-0.028848531388517666
5,16,"100-cells.10x, 0",MinSum.budget-10.adaptive,0.869858367140816,-0.13942487697614497
6,23,"100-cells.10x, 0",MinSum.budget-10.adaptive,0.9735535125270364,-0.026802486469503048
7,17,"100-cells.10x, 0",MinSum.budget-10.adaptive,0.9512519158705939,-0.049976355752454814
8,18,"100-cells.10x, 0",MinSum.budget-10.adaptive,0.9414362352807849,-0.06034865991159023
9,15,"100-cells.10x, 0",MinSum.budget-10.adaptive,0.9500141910652679,-0.05127835653568095
10,15,"100-cells.10x, 0",MinSum.budget-10.adaptive,0.9125248413066909,-0.09153997054624094
11,15,"100-cells.10x, 0",MinSum.budget-10.adaptive,0.9648933672963694,-0.035737683959765364
12,21,"100-cells.10x, 0",MinSum.budget-10.adaptive,0.9696405240455834,-0.03082986993898901
13,21,"100-cells.10x, 0",MinSum.budget-10.adaptive,0.9728820302699668,-0.02749244744580409
14,14,"100-cells.10x, 0",MinSum.budget-10.adaptive,0.9841314805182845,-0.015995772443137914
15,12,"100-cells.10x, 0",MinSum.budget-10.adaptive,0.9999999810166905,-1.8983309660097135e-08
16,15,"100-cells.10x, 0",MinSum.budget-10.adaptive,0.9125248413066909,-0.09153997054624094
17,18,"100-cells.10x, 0",MinSum.budget-10.adaptive,0.9362305689252843,-0.06589349851797746
18,13,"100-cells.10x, 0",MinSum.budget-10.adaptive,0.8589466466954897,-0.15204846987505408
19,25,"100-cells.10x, 0",MinSum.budget-10.adaptive,0.9816385733647081,-0.01853208993870517
20,13,"100-cells.10x, 0",MinSum.budget-10.adaptive,0.9529822051167679,-0.048159047992543086
21,10,"100-cells.10x, 0",MinSum.budget-10.adaptive,0.943565783967619,-0.058089193267981766
22,9,"100-cells.10x, 0",MinSum.budget-10.adaptive,0.9328164235618212,-0.06954685680653498
23,17,"100-cells.10x, 0",MinSum.budget-10.adaptive,0.9614395019439131,-0.03932363642803016
24,15,"100-cells.10x, 0",MinSum.budget-10.adaptive,0.9343936282464198,-0.06785748601701976
25,23,"100-cells.10x, 0",MinSum.budget-10.adaptive,0.9872490127167309,-0.012832978849577013
26,19,"100-cells.10x, 0",MinSum.budget-10.adaptive,0.9437787750938196,-0.057863488718081606
27,17,"100-cells.10x, 0",MinSum.budget-10.adaptive,0.9723535148096334,-0.028035842280095664
28,14,"100-cells.10x, 0",MinSum.budget-10.adaptive,0.9404930970696237,-0.06135096990687753
29,23,"100-cells.10x, 0",MinSum.budget-10.adaptive,0.9773315816263071,-0.022929296978557386
30,17,"100-cells.10x, 0",MinSum.budget-10.adaptive,0.93830320773752,-0.06368213302255332
31,23,"100-cells.10x, 0",MinSum.budget-10.adaptive,0.967211753491483,-0.03333782767569296
32,21,"100-cells.10x, 0",MinSum.budget-10.adaptive,0.9915948065996544,-0.00844071622927589
33,17,"100-cells.10x, 0",MinSum.budget-10.adaptive,0.9544504130088145,-0.046619587916147016
34,22,"100-cells.10x, 0",MinSum.budget-10.adaptive,0.9710741603182277,-0.02935243840825051
35,19,"100-cells.10x, 0",MinSum.budget-10.adaptive,0.9539330421440538,-0.04716179642884279
36,22,"100-cells.10x, 0",MinSum.budget-10.adaptive,0.9676165530449908,-0.032919393070362304
37,15,"100-cells.10x, 0",MinSum.budget-10.adaptive,0.9492207657281262,-0.052113877575835424
38,20,"100-cells.10x, 0",MinSum.budget-10.adaptive,0.9844348393155774,-0.015687569669741035
39,14,"100-cells.10x, 0",MinSum.budget-10.adaptive,0.9375177511544744,-0.06451958675205505
40,12,"100-cells.10x, 0",MinSum.budget-10.adaptive,0.9466696460833116,-0.054805089228843855
41,22,"100-cells.10x, 0",MinSum.budget-10.adaptive,0.9710741603182277,-0.02935243840825051
42,25,"100-cells.10x, 0",MinSum.budget-10.adaptive,0.9790155127915321,-0.021207791029125084
43,11,"100-cells.10x, 0",MinSum.budget-10.adaptive,0.7796042346398182,-0.24896887955253147
44,17,"100-cells.10x, 0",MinSum.budget-10.adaptive,0.9600113357459561,-0.04081018652126556
45,19,"100-cells.10x, 0",MinSum.budget-10.adaptive,0.9756157903858248,-0.024686427464029014
46,21,"100-cells.10x, 0",MinSum.budget-10.adaptive,0.9535120553041768,-0.04760321080797838
47,21,"100-cells.10x, 0",MinSum.budget-10.adaptive,0.9785734554205946,-0.02165942555059998
48,18,"100-cells.10x, 0",MinSum.budget-10.adaptive,0.9622107048870234,-0.03852182435046109
49,16,"100-cells.10x, 0",MinSum.budget-10.adaptive,0.9437659543264408,-0.05787707331523484
50,14,"100-cells.10x, 0",MinSum.budget-10.adaptive,0.9166903406580245,-0.0869855511507293
51,24,"100-cells.10x, 0",MinSum.budget-10.adaptive,0.9723349106300996,-0.02805497560684457
52,13,"100-cells.10x, 0",MinSum.budget-10.adaptive,0.9228614402487311,-0.08027617465537276
53,14,"100-cells.10x, 0",MinSum.budget-10.adaptive,0.8661095104333947,-0.1437439229487066
54,19,"100-cells.10x, 0",MinSum.budget-10.adaptive,0.9617383311520606,-0.03901287035594893
55,20,"100-cells.10x, 0",MinSum.budget-10.adaptive,0.9335886665630067,-0.0687193375832538
56,17,"100-cells.10x, 0",MinSum.budget-10.adaptive,0.9806474590535356,-0.019542252961912605
57,22,"100-cells.10x, 0",MinSum.budget-10.adaptive,0.9453529370583565,-0.0561969428454488
58,10,"100-cells.10x, 0",MinSum.budget-10.adaptive,0.8871315820437885,-0.11976196264213781
59,22,"100-cells.10x, 0",MinSum.budget-10.adaptive,0.9862257890753962,-0.013869955589383082
60,20,"100-cells.10x, 0",MinSum.budget-10.adaptive,0.9741733662818368,-0.026165997049481575
61,15,"100-cells.10x, 0",MinSum.budget-10.adaptive,0.9654419073352818,-0.03516934740094431
62,0,"100-cells.10x, 0",MinSum.budget-10.adaptive,1.7999838891502584e-05,-10.925147750580244
63,12,"100-cells.10x, 0",MinSum.budget-10.adaptive,0.8606880735944127,-0.15002312405752968
64,15,"100-cells.10x, 0",MinSum.budget-10.adaptive,0.9562624151861487,-0.04472291072447119
65,15,"100-cells.10x, 0",MinSum.budget-10.adaptive,0.958345157832562,-0.04254727588702512
66,22,"100-cells.10x, 0",MinSum.budget-10.adaptive,0.9679668927014511,-0.03255739404515268
67,10,"100-cells.10x, 0",MinSum.budget-10.adaptive,0.9470929214408943,-0.0543580687080142
68,20,"100-cells.10x, 0",MinSum.budget-10.adaptive,0.9644626241626655,-0.036184198903370816
69,16,"100-cells.10x, 0",MinSum.budget-10.adaptive,0.9606361664508314,-0.04015954060502781
70,14,"100-cells.10x, 0",MinSum.budget-10.adaptive,0.9297074729776382,-0.07288528749988349
71,17,"100-cells.10x, 0",MinSum.budget-10.adaptive,0.9688977045928138,-0.031596240679738055
72,18,"100-cells.10x, 0",MinSum.budget-10.adaptive,0.9640101945735136,-0.0366534091437816
73,28,"100-cells.10x, 0",MinSum.budget-10.adaptive,0.9741851315855194,-0.026153919904853773
74,16,"100-cells.10x, 0",MinSum.budget-10.adaptive,0.9746946722067666,-0.02563101373910047
75,22,"100-cells.10x, 0",MinSum.budget-10.adaptive,0.9848202574688699,-0.015296134188534908
76,14,"100-cells.10x, 0",MinSum.budget-10.adaptive,0.9780583567543958,-0.02218594124445023
77,15,"100-cells.10x, 0",MinSum.budget-10.adaptive,0.9909623797283751,-0.00907870730170711
78,14,"100-cells.10x, 0",MinSum.budget-10.adaptive,0.949602795469847,-0.05171149185166155
79,22,"100-cells.10x, 0",MinSum.budget-10.adaptive,0.968122544277165,-0.03239660439042247
80,23,"100-cells.10x, 0",MinSum.budget-10.adaptive,0.9702477020061423,-0.03020387719133219
81,18,"100-cells.10x, 0",MinSum.budget-10.adaptive,0.9352183559906921,-0.06697524113977249
82,21,"100-cells.10x, 0",MinSum.budget-10.adaptive,0.9580214675125385,-0.04288509258537589
83,16,"100-cells.10x, 0",MinSum.budget-10.adaptive,0.9692816896067922,-0.031200007988222117
84,22,"100-cells.10x, 0",MinSum.budget-10.adaptive,0.9641378628098958,-0.03652098338313536
85,17,"100-cells.10x, 0",MinSum.budget-10.adaptive,0.9551621251276237,-0.04587418837823112
86,17,"100-cells.10x, 0",MinSum.budget-10.adaptive,0.9651260962143772,-0.03549651652748217
87,17,"100-cells.10x, 0",MinSum.budget-10.adaptive,0.9595114776677167,-0.04133100147177842
88,18,"100-cells.10x, 0",MinSum.budget-10.adaptive,0.9724763830748383,-0.027909488540365485
89,16,"100-cells.10x, 0",MinSum.budget-10.adaptive,0.9737574428426347,-0.026593038342298234
90,20,"100-cells.10x, 0",MinSum.budget-10.adaptive,0.9770429919316743,-0.023224623883271334
91,20,"100-cells.10x, 0",MinSum.budget-10.adaptive,0.9784778051152961,-0.021757174962997512
92,18,"100-cells.10x, 0",MinSum.budget-10.adaptive,0.9791773247450711,-0.021042524411041756
93,23,"100-cells.10x, 0",MinSum.budget-10.adaptive,0.9585023766653697,-0.04238323693209441
94,16,"100-cells.10x, 0",MinSum.budget-10.adaptive,0.9712972032344216,-0.029122777982484863
95,19,"100-cells.10x, 0",MinSum.budget-10.adaptive,0.974807130083192,-0.025515642851607085
96,21,"100-cells.10x, 0",MinSum.budget-10.adaptive,0.9782333516247573,-0.02200703656466371
97,13,"100-cells.10x, 0",MinSum.budget-10.adaptive,0.919004513514669,-0.08446424530590005
98,17,"100-cells.10x, 0",MinSum.budget-10.adaptive,0.8828725056998216,-0.12457447645899936
99,19,"100-cells.10x, 0",MinSum.budget-10.adaptive,0.9702409232846481,-0.030210863804297522
0,24,"100-cells.10x, 1",MinSum.budget-10.adaptive,0.9611529960353076,-0.03962167765208314
1,14,"100-cells.10x, 1",MinSum.budget-10.adaptive,0.926285199984765,-0.07657310041131676
2,11,"100-cells.10x, 1",MinSum.budget-10.adaptive,0.9488987668816735,-0.05245315952727162
3,24,"100-cells.10x, 1",MinSum.budget-10.adaptive,0.9744217241432923,-0.025911087382490528
4,14,"100-cells.10x, 1",MinSum.budget-10.adaptive,0.9836917341127145,-0.01644270935253146
5,12,"100-cells.10x, 1",MinSum.budget-10.adaptive,0.9414658623646521,-0.06031719031589886
6,21,"100-cells.10x, 1",MinSum.budget-10.adaptive,0.9361662611867533,-0.06596218880576489
7,15,"100-cells.10x, 1",MinSum.budget-10.adaptive,0.9049866952824064,-0.09983503673568409
8,20,"100-cells.10x, 1",MinSum.budget-10.adaptive,0.9648914461980855,-0.03573967495717654
9,19,"100-cells.10x, 1",MinSum.budget-10.adaptive,0.9436929189146086,-0.05795446351737818
10,20,"100-cells.10x, 1",MinSum.budget-10.adaptive,0.9531885985066508,-0.04794249511040139
11,16,"100-cells.10x, 1",MinSum.budget-10.adaptive,0.8237229764155991,-0.1939209992688162
12,23,"100-cells.10x, 1",MinSum.budget-10.adaptive,0.9880351230822702,-0.012037032187732995
13,21,"100-cells.10x, 1",MinSum.budget-10.adaptive,0.951730658421507,-0.04947320604685016
14,25,"100-cells.10x, 1",MinSum.budget-10.adaptive,0.9515562904374937,-0.04965643431372357
15,22,"100-cells.10x, 1",MinSum.budget-10.adaptive,0.9435812791863458,-0.05807277142250965
16,17,"100-cells.10x, 1",MinSum.budget-10.adaptive,0.909137181348411,-0.09525928161640747
17,13,"100-cells.10x, 1",MinSum.budget-10.adaptive,0.947023638947257,-0.054431224178080884
18,18,"100-cells.10x, 1",MinSum.budget-10.adaptive,0.9328690129935611,-0.06949048135253462
19,23,"100-cells.10x, 1",MinSum.budget-10.adaptive,0.9746775119100853,-0.02564861971175317
20,16,"100-cells.10x, 1",MinSum.budget-10.adaptive,0.9294891789319574,-0.0731201137044808
21,16,"100-cells.10x, 1",MinSum.budget-10.adaptive,0.9020683106553475,-0.10306502935320294
22,14,"100-cells.10x, 1",MinSum.budget-10.adaptive,0.9548393586560847,-0.0462121634817603
23,14,"100-cells.10x, 1",MinSum.budget-10.adaptive,0.9999999765375406,-2.3462459694997617e-08
24,19,"100-cells.10x, 1",MinSum.budget-10.adaptive,0.946600338982029,-0.054878303405226814
25,23,"100-cells.10x, 1",MinSum.budget-10.adaptive,0.965814642749899,-0.03478334439245858
26,16,"100-cells.10x, 1",MinSum.budget-10.adaptive,0.9776114014362736,-0.02264302795250214
27,14,"100-cells.10x, 1",MinSum.budget-10.adaptive,0.8790616645659101,-0.12890023066780043
28,0,"100-cells.10x, 1",MinSum.budget-10.adaptive,1.7999838891502584e-05,-10.925147750580244
29,9,"100-cells.10x, 1",MinSum.budget-10.adaptive,0.8887015933210841,-0.11799376537211081
30,23,"100-cells.10x, 1",MinSum.budget-10.adaptive,0.9421068008586155,-0.059636634124767364
31,22,"100-cells.10x, 1",MinSum.budget-10.adaptive,0.981885861784822,-0.01828020774463154
32,20,"100-cells.10x, 1",MinSum.budget-10.adaptive,0.9414857497424552,-0.06029606669522164
33,12,"100-cells.10x, 1",MinSum.budget-10.adaptive,0.8735373710923637,-0.1352043671607908
34,21,"100-cells.10x, 1",MinSum.budget-10.adaptive,0.9719796987607485,-0.02842036078842716
35,20,"100-cells.10x, 1",MinSum.budget-10.adaptive,0.9595457014949068,-0.04129533413725048
36,18,"100-cells.10x, 1",MinSum.budget-10.adaptive,0.9714460164528332,-0.028969578921286588
37,21,"100-cells.10x, 1",MinSum.budget-10.adaptive,0.9489330075450605,-0.05241707554569635
38,15,"100-cells.10x, 1",MinSum.budget-10.adaptive,0.8896897713208649,-0.1168824485707252
39,19,"100-cells.10x, 1",MinSum.budget-10.adaptive,0.9567462735181304,-0.04421704962184605
40,21,"100-cells.10x, 1",MinSum.budget-10.adaptive,0.9677206152409051,-0.03281185398340646
41,21,"100-cells.10x, 1",MinSum.budget-10.adaptive,0.9488117337182912,-0.052544883911381665
42,23,"100-cells.10x, 1",MinSum.budget-10.adaptive,0.9760702487968127,-0.02422071893296633
43,17,"100-cells.10x, 1",MinSum.budget-10.adaptive,0.8961567807236757,-0.10963990282791118
44,22,"100-cells.10x, 1",MinSum.budget-10.adaptive,0.9735597665269534,-0.026796062600913224
45,19,"100-cells.10x, 1",MinSum.budget-10.adaptive,0.9519403044964299,-0.04925295151772808
46,20,"100-cells.10x, 1",MinSum.budget-10.adaptive,0.9812754363131082,-0.018902087864189634
47,16,"100-cells.10x, 1",MinSum.budget-10.adaptive,0.9187715398381691,-0.08471778400809715
48,19,"100-cells.10x, 1",MinSum.budget-10.adaptive,0.9783731343801104,-0.021864153714595765
49,15,"100-cells.10x, 1",MinSum.budget-10.adaptive,0.9396740875292383,-0.06222217923219385
50,23,"100-cells.10x, 1",MinSum.budget-10.adaptive,0.9718639024662026,-0.028539502364024937
51,23,"100-cells.10x, 1",MinSum.budget-10.adaptive,0.9348701519609818,-0.06734763424550387
52,24,"100-cells.10x, 1",MinSum.budget-10.adaptive,0.9769795514476021,-0.02328955709943048
53,18,"100-cells.10x, 1",MinSum.budget-10.adaptive,0.9496517574375434,-0.05165993270954211
54,16,"100-cells.10x, 1",MinSum.budget-10.adaptive,0.9084009698215155,-0.09606940113624904
55,11,"100-cells.10x, 1",MinSum.budget-10.adaptive,0.9499208005940626,-0.051376665658561964
56,22,"100-cells.10x, 1",MinSum.budget-10.adaptive,0.979108950691601,-0.02111235490963185
57,14,"100-cells.10x, 1",MinSum.budget-10.adaptive,0.8483234715893684,-0.16449326357873092
58,18,"100-cells.10x, 1",MinSum.budget-10.adaptive,0.9244776407715698,-0.07852641365935546
59,15,"100-cells.10x, 1",MinSum.budget-10.adaptive,0.9301943028683112,-0.07236178684182362
60,19,"100-cells.10x, 1",MinSum.budget-10.adaptive,0.9391744497368524,-0.06275403456193818
61,21,"100-cells.10x, 1",MinSum.budget-10.adaptive,0.9677206152409051,-0.03281185398340646
62,17,"100-cells.10x, 1",MinSum.budget-10.adaptive,0.9214765746915786,-0.08177792304010714
63,20,"100-cells.10x, 1",MinSum.budget-10.adaptive,0.9368046110735306,-0.0652805445571025
64,19,"100-cells.10x, 1",MinSum.budget-10.adaptive,0.9819817305841588,-0.018182575093850455
65,16,"100-cells.10x, 1",MinSum.budget-10.adaptive,0.9873080489113716,-0.012773181950509874
66,16,"100-cells.10x, 1",MinSum.budget-10.adaptive,0.9424293263221671,-0.05929434780608265
67,18,"100-cells.10x, 1",MinSum.budget-10.adaptive,0.9825956651732062,-0.01755757084575282
68,19,"100-cells.10x, 1",MinSum.budget-10.adaptive,0.9513395584513199,-0.0498842260630592
69,12,"100-cells.10x, 1",MinSum.budget-10.adaptive,0.9702683692134103,-0.03018257645842375
70,19,"100-cells.10x, 1",MinSum.budget-10.adaptive,0.9474347084559832,-0.05399725368119345
71,14,"100-cells.10x, 1",MinSum.budget-10.adaptive,0.9395308256313474,-0.062374649989549974
72,25,"100-cells.10x, 1",MinSum.budget-10.adaptive,0.9780259311650964,-0.02221909481508378
73,15,"100-cells.10x, 1",MinSum.budget-10.adaptive,0.9049866952824064,-0.09983503673568409
74,16,"100-cells.10x, 1",MinSum.budget-10.adaptive,0.8984644275899393,-0.10706816442713869
75,15,"100-cells.10x, 1",MinSum.budget-10.adaptive,0.9255405913188022,-0.07737728913099982
76,26,"100-cells.10x, 1",MinSum.budget-10.adaptive,0.9559602547857398,-0.045038941286882926
77,15,"100-cells.10x, 1",MinSum.budget-10.adaptive,0.9195838403443184,-0.0838340587308508
78,16,"100-cells.10x, 1",MinSum.budget-10.adaptive,0.9365402602631427,-0.06556276788521176
79,20,"100-cells.10x, 1",MinSum.budget-10.adaptive,0.949443687468526,-0.051879058051986594
80,22,"100-cells.10x, 1",MinSum.budget-10.adaptive,0.9766020256018785,-0.023676053220051476
81,14,"100-cells.10x, 1",MinSum.budget-10.adaptive,0.8464275154534846,-0.16673070960040007
82,17,"100-cells.10x, 1",MinSum.budget-10.adaptive,0.8701959794742047,-0.13903682893812597
83,21,"100-cells.10x, 1",MinSum.budget-10.adaptive,0.9655218967053104,-0.03508649823525099
84,21,"100-cells.10x, 1",MinSum.budget-10.adaptive,0.9710383929290534,-0.02938927189570062
85,19,"100-cells.10x, 1",MinSum.budget-10.adaptive,0.9382089650817632,-0.06378257751441548
86,19,"100-cells.10x, 1",MinSum.budget-10.adaptive,0.969241793186014,-0.031241169646709047
87,14,"100-cells.10x, 1",MinSum.budget-10.adaptive,0.9029270164781824,-0.10211355222225503
88,19,"100-cells.10x, 1",MinSum.budget-10.adaptive,0.9876967152443642,-0.012379596734854866
89,16,"100-cells.10x, 1",MinSum.budget-10.adaptive,0.9593857643346286,-0.04146202811616169
90,18,"100-cells.10x, 1",MinSum.budget-10.adaptive,0.9428920407580097,-0.058803487782733053
91,19,"100-cells.10x, 1",MinSum.budget-10.adaptive,0.9624533608227712,-0.03826967028227152
92,13,"100-cells.10x, 1",MinSum.budget-10.adaptive,0.9026964876841088,-0.10236889758610829
93,10,"100-cells.10x, 1",MinSum.budget-10.adaptive,0.9496346439213124,-0.051677953705447977
94,24,"100-cells.10x, 1",MinSum.budget-10.adaptive,0.9737782708015159,-0.026571649303076893
95,17,"100-cells.10x, 1",MinSum.budget-10.adaptive,0.9655394301762549,-0.03506833882135681
96,16,"100-cells.10x, 1",MinSum.budget-10.adaptive,0.9496256595424004,-0.051687414629677936
97,11,"100-cells.10x, 1",MinSum.budget-10.adaptive,0.7444939468310185,-0.2950505574068837
98,17,"100-cells.10x, 1",MinSum.budget-10.adaptive,0.9461676708504746,-0.055335483721930104
99,19,"100-cells.10x, 1",MinSum.budget-10.adaptive,0.904643469585592,-0.10021436916237914
0,20,"100-cells.10x, 2",MinSum.budget-10.adaptive,0.9499273886251156,-0.05136973033489722
1,14,"100-cells.10x, 2",MinSum.budget-10.adaptive,0.944040301002697,-0.05758642200775766
2,20,"100-cells.10x, 2",MinSum.budget-10.adaptive,0.902889488939849,-0.10215511518086819
3,23,"100-cells.10x, 2",MinSum.budget-10.adaptive,0.9687908273338003,-0.031706554858060204
4,19,"100-cells.10x, 2",MinSum.budget-10.adaptive,0.8703470080731616,-0.1388632870027455
5,11,"100-cells.10x, 2",MinSum.budget-10.adaptive,0.9180106435730306,-0.08554629412272645
6,19,"100-cells.10x, 2",MinSum.budget-10.adaptive,0.9249941309500658,-0.07796788640868875
7,13,"100-cells.10x, 2",MinSum.budget-10.adaptive,0.8997635752194013,-0.10562324436865692
8,15,"100-cells.10x, 2",MinSum.budget-10.adaptive,0.8103092682662669,-0.2103392915131598
9,17,"100-cells.10x, 2",MinSum.budget-10.adaptive,0.9151161616804591,-0.08870426910818283
10,19,"100-cells.10x, 2",MinSum.budget-10.adaptive,0.9306487329478615,-0.07187337370881088
11,17,"100-cells.10x, 2",MinSum.budget-10.adaptive,0.9266435945461627,-0.07618625924729046
12,19,"100-cells.10x, 2",MinSum.budget-10.adaptive,0.884276666463323,-0.12298529419737962
13,19,"100-cells.10x, 2",MinSum.budget-10.adaptive,0.8597292960904017,-0.15113771127358927
14,21,"100-cells.10x, 2",MinSum.budget-10.adaptive,0.9096125056682463,-0.09473658810443025
15,17,"100-cells.10x, 2",MinSum.budget-10.adaptive,0.9056846254517321,-0.0990641290663588
16,13,"100-cells.10x, 2",MinSum.budget-10.adaptive,0.9325384541489022,-0.069844890621224
17,17,"100-cells.10x, 2",MinSum.budget-10.adaptive,0.836737333815276,-0.17824507636377093
18,28,"100-cells.10x, 2",MinSum.budget-10.adaptive,0.9561911424391405,-0.04479744612613578
19,15,"100-cells.10x, 2",MinSum.budget-10.adaptive,0.8660656774343718,-0.1437945333019079
20,26,"100-cells.10x, 2",MinSum.budget-10.adaptive,0.9399249494395366,-0.061955247927321044
21,10,"100-cells.10x, 2",MinSum.budget-10.adaptive,0.8331672116169433,-0.18252092272568943
22,16,"100-cells.10x, 2",MinSum.budget-10.adaptive,0.9108291169845055,-0.09339997672151486
23,21,"100-cells.10x, 2",MinSum.budget-10.adaptive,0.9476924188617244,-0.053725282050778894
24,16,"100-cells.10x, 2",MinSum.budget-10.adaptive,0.8773900412875449,-0.130803640567977
25,17,"100-cells.10x, 2",MinSum.budget-10.adaptive,0.8765326044824516,-0.13178137681588745
26,16,"100-cells.10x, 2",MinSum.budget-10.adaptive,0.9331218353233347,-0.06921950217645909
27,16,"100-cells.10x, 2",MinSum.budget-10.adaptive,0.8378711345105742,-0.17689096775869825
28,19,"100-cells.10x, 2",MinSum.budget-10.adaptive,0.9473984772962055,-0.05403549573865216
29,16,"100-cells.10x, 2",MinSum.budget-10.adaptive,0.9019120298421774,-0.10323829156682324
30,20,"100-cells.10x, 2",MinSum.budget-10.adaptive,0.9494216048046661,-0.05190231685180857
31,20,"100-cells.10x, 2",MinSum.budget-10.adaptive,0.8457022275229609,-0.16758795825754416
32,18,"100-cells.10x, 2",MinSum.budget-10.adaptive,0.9187436587909773,-0.0847481304751247
33,7,"100-cells.10x, 2",MinSum.budget-10.adaptive,0.8661650766486317,-0.14367976889868417
34,16,"100-cells.10x, 2",MinSum.budget-10.adaptive,0.9148541916489217,-0.0889905797938727
35,23,"100-cells.10x, 2",MinSum.budget-10.adaptive,0.9719210291655697,-0.02848072353674431
36,17,"100-cells.10x, 2",MinSum.budget-10.adaptive,0.9047319451509384,-0.10011657235946447
37,17,"100-cells.10x, 2",MinSum.budget-10.adaptive,0.9151161616804592,-0.0887042691081827
38,19,"100-cells.10x, 2",MinSum.budget-10.adaptive,0.9181483591683102,-0.08539629012488949
39,16,"100-cells.10x, 2",MinSum.budget-10.adaptive,0.9099284012310017,-0.0943893625326044
40,23,"100-cells.10x, 2",MinSum.budget-10.adaptive,0.9286883371629064,-0.07398207851860503
41,13,"100-cells.10x, 2",MinSum.budget-10.adaptive,0.896074872535765,-0.10973130640045574
42,17,"100-cells.10x, 2",MinSum.budget-10.adaptive,0.8024521785857955,-0.2200830163008486
43,9,"100-cells.10x, 2",MinSum.budget-10.adaptive,0.9116696304690793,-0.09247760182788173
44,19,"100-cells.10x, 2",MinSum.budget-10.adaptive,0.9181483591683102,-0.08539629012488949
45,27,"100-cells.10x, 2",MinSum.budget-10.adaptive,0.9568549214869069,-0.04410349621356342
46,18,"100-cells.10x, 2",MinSum.budget-10.adaptive,0.8839195190258793,-0.12338926231498062
47,15,"100-cells.10x, 2",MinSum.budget-10.adaptive,0.8872979366774036,-0.1195744605381124
48,18,"100-cells.10x, 2",MinSum.budget-10.adaptive,0.9208542137242439,-0.08245354654368416
49,18,"100-cells.10x, 2",MinSum.budget-10.adaptive,0.9105884694783454,-0.09366421871560664
50,22,"100-cells.10x, 2",MinSum.budget-10.adaptive,0.9362652130691247,-0.06585649534373542
51,18,"100-cells.10x, 2",MinSum.budget-10.adaptive,0.966131991822932,-0.03445481660581254
52,13,"100-cells.10x, 2",MinSum.budget-10.adaptive,0.8441123200622005,-0.16946971259820542
53,15,"100-cells.10x, 2",MinSum.budget-10.adaptive,0.8550973531367702,-0.15653995320945255
54,18,"100-cells.10x, 2",MinSum.budget-10.adaptive,0.9255150198248319,-0.07740491822417021
55,20,"100-cells.10x, 2",MinSum.budget-10.adaptive,0.9320226384705849,-0.07039817438705792
56,20,"100-cells.10x, 2",MinSum.budget-10.adaptive,0.8920994337139513,-0.11417767984126762
57,16,"100-cells.10x, 2",MinSum.budget-10.adaptive,0.9398096498348153,-0.06207792439974481
58,20,"100-cells.10x, 2",MinSum.budget-10.adaptive,0.9019085749443299,-0.10324212221144324
59,13,"100-cells.10x, 2",MinSum.budget-10.adaptive,0.9428411723139114,-0.05885743862133314
60,22,"100-cells.10x, 2",MinSum.budget-10.adaptive,0.9362652130691247,-0.06585649534373542
61,2,"100-cells.10x, 2",MinSum.budget-10.adaptive,0.14794397620040312,-1.910921616068531
62,22,"100-cells.10x, 2",MinSum.budget-10.adaptive,0.9072948596339627,-0.09728778838640488
63,20,"100-cells.10x, 2",MinSum.budget-10.adaptive,0.8920994337139513,-0.11417767984126762
64,17,"100-cells.10x, 2",MinSum.budget-10.adaptive,0.8628140069620769,-0.14755613028959583
65,15,"100-cells.10x, 2",MinSum.budget-10.adaptive,0.9154734494557055,-0.08831391642879498
66,15,"100-cells.10x, 2",MinSum.budget-10.adaptive,0.9069900497434388,-0.09762379944157745
67,13,"100-cells.10x, 2",MinSum.budget-10.adaptive,0.7279051588729601,-0.3175845155455483
68,17,"100-cells.10x, 2",MinSum.budget-10.adaptive,0.862814006962077,-0.1475561302895957
69,13,"100-cells.10x, 2",MinSum.budget-10.adaptive,0.8362392376866596,-0.17884053735446118
70,15,"100-cells.10x, 2",MinSum.budget-10.adaptive,0.8722621269289772,-0.13666529596922045
71,24,"100-cells.10x, 2",MinSum.budget-10.adaptive,0.9216614261745015,-0.08157733959659307
72,14,"100-cells.10x, 2",MinSum.budget-10.adaptive,0.9152125820921388,-0.08859891053574381
73,10,"100-cells.10x, 2",MinSum.budget-10.adaptive,0.8054062384408012,-0.21640848482770783
74,15,"100-cells.10x, 2",MinSum.budget-10.adaptive,0.7909744029009483,-0.2344896721667299
75,20,"100-cells.10x, 2",MinSum.budget-10.adaptive,0.8803202902111867,-0.12746947158042057
76,24,"100-cells.10x, 2",MinSum.budget-10.adaptive,0.9059937134462045,-0.09872291176433011
77,18,"100-cells.10x, 2",MinSum.budget-10.adaptive,0.9187167894742398,-0.0847773766194591
78,20,"100-cells.10x, 2",MinSum.budget-10.adaptive,0.8587483540407391,-0.15227935213942165
79,12,"100-cells.10x, 2",MinSum.budget-10.adaptive,0.8699207154844304,-0.13935320311333818
80,18,"100-cells.10x, 2",MinSum.budget-10.adaptive,0.9195296213681612,-0.08389302080937577
81,13,"100-cells.10x, 2",MinSum.budget-10.adaptive,0.7732542941479771,-0.2571473140563973
82,13,"100-cells.10x, 2",MinSum.budget-10.adaptive,0.8787540217112435,-0.129250259240431
83,21,"100-cells.10x, 2",MinSum.budget-10.adaptive,0.9659032043095401,-0.034691652368348584
84,16,"100-cells.10x, 2",MinSum.budget-10.adaptive,0.9182600230974487,-0.08527467890773922
85,20,"100-cells.10x, 2",MinSum.budget-10.adaptive,0.9542088597006515,-0.046872700991808465
86,17,"100-cells.10x, 2",MinSum.budget-10.adaptive,0.8952051409045167,-0.11070237925681281
87,13,"100-cells.10x, 2",MinSum.budget-10.adaptive,0.9118211027911584,-0.09231146736976295
88,14,"100-cells.10x, 2",MinSum.budget-10.adaptive,0.857292875830328,-0.1539756733397377
89,18,"100-cells.10x, 2",MinSum.budget-10.adaptive,0.9106180257264074,-0.09363176083876246
90,19,"100-cells.10x, 2",MinSum.budget-10.adaptive,0.871418520149869,-0.13763291219681648
91,21,"100-cells.10x, 2",MinSum.budget-10.adaptive,0.9324883504503874,-0.06989862035680032
92,13,"100-cells.10x, 2",MinSum.budget-10.adaptive,0.9609597469323968,-0.03982275753594417
93,17,"100-cells.10x, 2",MinSum.budget-10.adaptive,0.9207750826820357,-0.08253948245099335
94,12,"100-cells.10x, 2",MinSum.budget-10.adaptive,0.8863148361337535,-0.12068304597390024
95,20,"100-cells.10x, 2",MinSum.budget-10.adaptive,0.94711123349745,-0.054338733879180146
96,10,"100-cells.10x, 2",MinSum.budget-10.adaptive,0.8332223605585792,-0.18245473299121565
97,19,"100-cells.10x, 2",MinSum.budget-10.adaptive,0.8947969682688035,-0.11115843753819257
98,12,"100-cells.10x, 2",MinSum.budget-10.adaptive,0.91811960553777,-0.08542760759172464
99,10,"100-cells.10x, 2",MinSum.budget-10.adaptive,0.9999999834325789,-1.656742123891614e-08
0,19,"100-cells.10x, 3",MinSum.budget-10.adaptive,0.9704653703767485,-0.02997955925931385
1,20,"100-cells.10x, 3",MinSum.budget-10.adaptive,0.9840747584174626,-0.016053410814275516
2,12,"100-cells.10x, 3",MinSum.budget-10.adaptive,0.9571864565076187,-0.04375707212071042
3,17,"100-cells.10x, 3",MinSum.budget-10.adaptive,0.9776695495942705,-0.02258354989336851
4,18,"100-cells.10x, 3",MinSum.budget-10.adaptive,0.9274819588289003,-0.07528193608713983
5,17,"100-cells.10x, 3",MinSum.budget-10.adaptive,0.9065411015090328,-0.09811890893364983
6,10,"100-cells.10x, 3",MinSum.budget-10.adaptive,0.9167239550074632,-0.08694888257066864
7,25,"100-cells.10x, 3",MinSum.budget-10.adaptive,0.9843739948267339,-0.015749378097057794
8,19,"100-cells.10x, 3",MinSum.budget-10.adaptive,0.9332504255631493,-0.0690817051863163
9,19,"100-cells.10x, 3",MinSum.budget-10.adaptive,0.977477164537774,-0.022780348482166864
10,14,"100-cells.10x, 3",MinSum.budget-10.adaptive,0.9311995198956847,-0.07128171758103653
11,18,"100-cells.10x, 3",MinSum.budget-10.adaptive,0.9640219835417086,-0.03664118012776304
12,21,"100-cells.10x, 3",MinSum.budget-10.adaptive,0.9616997539033677,-0.0390529831612405
13,10,"100-cells.10x, 3",MinSum.budget-10.adaptive,0.9844551245682281,-0.01566696389387386
14,17,"100-cells.10x, 3",MinSum.budget-10.adaptive,0.9767391133077996,-0.02353569094188564
15,16,"100-cells.10x, 3",MinSum.budget-10.adaptive,0.9373237153722273,-0.06472657575502333
16,15,"100-cells.10x, 3",MinSum.budget-10.adaptive,0.9746689047216536,-0.025657450557167186
17,18,"100-cells.10x, 3",MinSum.budget-10.adaptive,0.8688848018200519,-0.14054472657772657
18,19,"100-cells.10x, 3",MinSum.budget-10.adaptive,0.9542288607858286,-0.04685174030237846
19,11,"100-cells.10x, 3",MinSum.budget-10.adaptive,0.920509214197135,-0.08282826836764835
20,17,"100-cells.10x, 3",MinSum.budget-10.adaptive,0.8961567807236756,-0.1096399028279113
21,19,"100-cells.10x, 3",MinSum.budget-10.adaptive,0.9152386383366724,-0.08857044078550462
22,14,"100-cells.10x, 3",MinSum.budget-10.adaptive,0.9126343137625614,-0.09142001119289053
23,17,"100-cells.10x, 3",MinSum.budget-10.adaptive,0.9795789194020084,-0.020632473733460725
24,18,"100-cells.10x, 3",MinSum.budget-10.adaptive,0.8834531553928029,-0.12391701025479078
25,17,"100-cells.10x, 3",MinSum.budget-10.adaptive,0.9532705456142775,-0.04785652724906029
26,17,"100-cells.10x, 3",MinSum.budget-10.adaptive,0.9307711829184679,-0.07174180751062068
27,17,"100-cells.10x, 3",MinSum.budget-10.adaptive,0.9483091484232673,-0.053074723956380944
28,13,"100-cells.10x, 3",MinSum.budget-10.adaptive,0.8978079536186997,-0.10779909366407885
29,17,"100-cells.10x, 3",MinSum.budget-10.adaptive,0.927309743079747,-0.07546763429731722
30,17,"100-cells.10x, 3",MinSum.budget-10.adaptive,0.927309743079747,-0.07546763429731722
31,17,"100-cells.10x, 3",MinSum.budget-10.adaptive,0.8219423652039571,-0.19608500170780446
32,24,"100-cells.10x, 3",MinSum.budget-10.adaptive,0.9686594492596508,-0.031842174415308296
33,21,"100-cells.10x, 3",MinSum.budget-10.adaptive,0.9627721611353286,-0.03793848797470787
34,25,"100-cells.10x, 3",MinSum.budget-10.adaptive,0.9689960241747776,-0.0314947701185936
35,15,"100-cells.10x, 3",MinSum.budget-10.adaptive,0.8778400410575681,-0.13029088752846524
36,13,"100-cells.10x, 3",MinSum.budget-10.adaptive,0.849840266571736,-0.16270686883757696
37,21,"100-cells.10x, 3",MinSum.budget-10.adaptive,0.9540397062288176,-0.04704998761504724
38,12,"100-cells.10x, 3",MinSum.budget-10.adaptive,0.9256709384774509,-0.07723646550629126
39,11,"100-cells.10x, 3",MinSum.budget-10.adaptive,0.7161043888376332,-0.3339293281825036
40,20,"100-cells.10x, 3",MinSum.budget-10.adaptive,0.9569920246339323,-0.043960221279757614
41,13,"100-cells.10x, 3",MinSum.budget-10.adaptive,0.8498402665717361,-0.16270686883757685
42,14,"100-cells.10x, 3",MinSum.budget-10.adaptive,0.973993415069537,-0.02635073607134994
43,11,"100-cells.10x, 3",MinSum.budget-10.adaptive,0.9668863992192571,-0.03367426796941732
44,21,"100-cells.10x, 3",MinSum.budget-10.adaptive,0.9782787936348646,-0.02196058450432202
45,20,"100-cells.10x, 3",MinSum.budget-10.adaptive,0.9375848008695641,-0.06444807096744279
46,14,"100-cells.10x, 3",MinSum.budget-10.adaptive,0.9303395141072323,-0.07220569052377658
47,14,"100-cells.10x, 3",MinSum.budget-10.adaptive,0.8464275154534846,-0.16673070960040007
48,18,"100-cells.10x, 3",MinSum.budget-10.adaptive,0.9580431296595346,-0.04286248150323486
49,23,"100-cells.10x, 3",MinSum.budget-10.adaptive,0.9671745537369503,-0.03337628923262018
50,15,"100-cells.10x, 3",MinSum.budget-10.adaptive,0.8900560356080519,-0.1164708568805729
51,25,"100-cells.10x, 3",MinSum.budget-10.adaptive,0.976456354850577,-0.023825225157797475
52,20,"100-cells.10x, 3",MinSum.budget-10.adaptive,0.9578697381410604,-0.04304348296928453
53,15,"100-cells.10x, 3",MinSum.budget-10.adaptive,0.9821297346542393,-0.018031866671258365
54,17,"100-cells.10x, 3",MinSum.budget-10.adaptive,0.973831502871071,-0.026516985303863157
55,17,"100-cells.10x, 3",MinSum.budget-10.adaptive,0.9700931467258228,-0.03036318454266416
56,20,"100-cells.10x, 3",MinSum.budget-10.adaptive,0.9297829020510207,-0.07280415874069576
57,21,"100-cells.10x, 3",MinSum.budget-10.adaptive,0.9586262775634087,-0.04225398019396352
58,16,"100-cells.10x, 3",MinSum.budget-10.adaptive,0.9378094577453988,-0.06420848734295707
59,15,"100-cells.10x, 3",MinSum.budget-10.adaptive,0.9301943028683112,-0.07236178684182362
60,20,"100-cells.10x, 3",MinSum.budget-10.adaptive,0.9383553586951614,-0.06362655449741543
61,13,"100-cells.10x, 3",MinSum.budget-10.adaptive,0.9482652709867261,-0.05312099415395399
62,11,"100-cells.10x, 3",MinSum.budget-10.adaptive,0.9116970956133388,-0.09244747607877307
63,18,"100-cells.10x, 3",MinSum.budget-10.adaptive,0.9440575089476786,-0.05756819419679215
64,18,"100-cells.10x, 3",MinSum.budget-10.adaptive,0.9486028360540213,-0.05276507581719062
65,26,"100-cells.10x, 3",MinSum.budget-10.adaptive,0.9456299455089712,-0.05590396456928377
66,22,"100-cells.10x, 3",MinSum.budget-10.adaptive,0.9363174943178046,-0.06580065669000087
67,19,"100-cells.10x, 3",MinSum.budget-10.adaptive,0.9046434695855922,-0.10021436916237902
68,16,"100-cells.10x, 3",MinSum.budget-10.adaptive,0.9086179837140542,-0.09583053307915113
69,18,"100-cells.10x, 3",MinSum.budget-10.adaptive,0.9564991181601987,-0.04447541204663637
70,2,"100-cells.10x, 3",MinSum.budget-10.adaptive,0.1735682478069135,-1.7511843978229815
71,18,"100-cells.10x, 3",MinSum.budget-10.adaptive,0.9603507577186394,-0.040456688628995145
72,21,"100-cells.10x, 3",MinSum.budget-10.adaptive,0.9553163807242141,-0.0457127046489422
73,17,"100-cells.10x, 3",MinSum.budget-10.adaptive,0.8974387954630882,-0.10821035541514837
74,16,"100-cells.10x, 3",MinSum.budget-10.adaptive,0.8714940450950874,-0.1375462469827699
75,17,"100-cells.10x, 3",MinSum.budget-10.adaptive,0.9169254222943899,-0.08672913795620601
76,12,"100-cells.10x, 3",MinSum.budget-10.adaptive,0.9698967239205603,-0.030565683338050462
77,17,"100-cells.10x, 3",MinSum.budget-10.adaptive,0.9102589442674318,-0.0940261658090571
78,11,"100-cells.10x, 3",MinSum.budget-10.adaptive,0.7444939468310184,-0.29505055740688385
79,24,"100-cells.10x, 3",MinSum.budget-10.adaptive,0.9660088708632114,-0.03458226172357278
80,18,"100-cells.10x, 3",MinSum.budget-10.adaptive,0.9475539135166855,-0.05387144283517852
81,14,"100-cells.10x, 3",MinSum.budget-10.adaptive,0.9004850248446087,-0.10482174432715881
82,19,"100-cells.10x, 3",MinSum.budget-10.adaptive,0.969241793186014,-0.031241169646709047
83,17,"100-cells.10x, 3",MinSum.budget-10.adaptive,0.9584627065780936,-0.04242462536178314
84,21,"100-cells.10x, 3",MinSum.budget-10.adaptive,0.9778866664662671,-0.02236149862109566
85,9,"100-cells.10x, 3",MinSum.budget-10.adaptive,0.8441822404437754,-0.16938688299814564
86,16,"100-cells.10x, 3",MinSum.budget-10.adaptive,0.9086179837140542,-0.09583053307915113
87,16,"100-cells.10x, 3",MinSum.budget-10.adaptive,0.8871826987010328,-0.11970434414939027
88,20,"100-cells.10x, 3",MinSum.budget-10.adaptive,0.9793561697427017,-0.020859892866949198
89,19,"100-cells.10x, 3",MinSum.budget-10.adaptive,0.9584669288689949,-0.042420220097423744
90,15,"100-cells.10x, 3",MinSum.budget-10.adaptive,0.9276254554253088,-0.07512723173353511
91,23,"100-cells.10x, 3",MinSum.budget-10.adaptive,0.9999999954865018,-4.513498252006291e-09
92,20,"100-cells.10x, 3",MinSum.budget-10.adaptive,0.9508480291185505,-0.050401030343479765
93,24,"100-cells.10x, 3",MinSum.budget-10.adaptive,0.9259887955395264,-0.07689314425848498
94,20,"100-cells.10x, 3",MinSum.budget-10.adaptive,0.9325761741025914,-0.06980444275477872
95,15,"100-cells.10x, 3",MinSum.budget-10.adaptive,0.8836571803344829,-0.12368609661180918
96,20,"100-cells.10x, 3",MinSum.budget-10.adaptive,0.9486294638526808,-0.052737005666094704
97,19,"100-cells.10x, 3",MinSum.budget-10.adaptive,0.9698626223598297,-0.030600843947844132
98,20,"100-cells.10x, 3",MinSum.budget-10.adaptive,0.9557632256660238,-0.045245068503949944
99,18,"100-cells.10x, 3",MinSum.budget-10.adaptive,0.9694134404937526,-0.03106409091171265
0,22,"100-cells.10x, 4",MinSum.budget-10.adaptive,0.9849906220871064,-0.015123158579120381
1,15,"100-cells.10x, 4",MinSum.budget-10.adaptive,0.9710980751038113,-0.029327811565019356
2,17,"100-cells.10x, 4",MinSum.budget-10.adaptive,0.9867231702594295,-0.013365754817014441
3,18,"100-cells.10x, 4",MinSum.budget-10.adaptive,0.9951615040491704,-0.004850239367993515
4,10,"100-cells.10x, 4",MinSum.budget-10.adaptive,0.8619450239324764,-0.1485637876928196
5,19,"100-cells.10x, 4",MinSum.budget-10.adaptive,0.9667940901781479,-0.03376974293716458
6,21,"100-cells.10x, 4",MinSum.budget-10.adaptive,0.993193026401988,-0.006830246715920609
7,20,"100-cells.10x, 4",MinSum.budget-10.adaptive,0.9912870757113882,-0.00875110374502454
8,16,"100-cells.10x, 4",MinSum.budget-10.adaptive,0.9778811793786821,-0.022367109806080258
9,14,"100-cells.10x, 4",MinSum.budget-10.adaptive,0.9728203988376428,-0.027555798790205546
10,14,"100-cells.10x, 4",MinSum.budget-10.adaptive,0.9961464076759976,-0.003861036541709885
11,13,"100-cells.10x, 4",MinSum.budget-10.adaptive,0.9849002216771343,-0.015214940730727135
12,21,"100-cells.10x, 4",MinSum.budget-10.adaptive,0.9901979585416383,-0.00985039771959535
13,17,"100-cells.10x, 4",MinSum.budget-10.adaptive,0.9765894311577207,-0.023688949492062482
14,18,"100-cells.10x, 4",MinSum.budget-10.adaptive,0.9840678031429535,-0.01606047867068489
15,15,"100-cells.10x, 4",MinSum.budget-10.adaptive,0.9937597823391965,-0.006259769198703527
16,26,"100-cells.10x, 4",MinSum.budget-10.adaptive,0.9978624317045093,-0.0021398561554857483
17,19,"100-cells.10x, 4",MinSum.budget-10.adaptive,0.9573066894049189,-0.043631469270979675
18,13,"100-cells.10x, 4",MinSum.budget-10.adaptive,0.9301096213063109,-0.07245282740886033
19,11,"100-cells.10x, 4",MinSum.budget-10.adaptive,0.9847857642809827,-0.015331159658105777
20,24,"100-cells.10x, 4",MinSum.budget-10.adaptive,0.9874869680964745,-0.012591979158269102
21,7,"100-cells.10x, 4",MinSum.budget-10.adaptive,0.9956741998568239,-0.004335183486705306
22,15,"100-cells.10x, 4",MinSum.budget-10.adaptive,0.9433522323826942,-0.05831554288570356
23,15,"100-cells.10x, 4",MinSum.budget-10.adaptive,0.9375718497156097,-0.06446188437759234
24,15,"100-cells.10x, 4",MinSum.budget-10.adaptive,0.9872595569439059,-0.012822298493627118
25,13,"100-cells.10x, 4",MinSum.budget-10.adaptive,0.9855550601854695,-0.014550283645159146
26,13,"100-cells.10x, 4",MinSum.budget-10.adaptive,0.9970416744721017,-0.0029627100221721854
27,19,"100-cells.10x, 4",MinSum.budget-10.adaptive,0.9879065245055332,-0.012167196534514724
28,11,"100-cells.10x, 4",MinSum.budget-10.adaptive,0.9408335628084402,-0.0609890277202342
29,21,"100-cells.10x, 4",MinSum.budget-10.adaptive,0.9954620172987932,-0.004548310601772257
30,20,"100-cells.10x, 4",MinSum.budget-10.adaptive,0.9777638943573794,-0.02248705490554481
31,22,"100-cells.10x, 4",MinSum.budget-10.adaptive,0.9879924971893851,-0.012080175200972673
32,21,"100-cells.10x, 4",MinSum.budget-10.adaptive,0.9940703694172521,-0.005947280649006672
33,22,"100-cells.10x, 4",MinSum.budget-10.adaptive,0.9854075491401729,-0.01469996791098337
34,22,"100-cells.10x, 4",MinSum.budget-10.adaptive,0.989576820337921,-0.010477881442212652
35,21,"100-cells.10x, 4",MinSum.budget-10.adaptive,0.9766520846947352,-0.023624796097280007
36,16,"100-cells.10x, 4",MinSum.budget-10.adaptive,0.9696529731653221,-0.030817031119329468
37,19,"100-cells.10x, 4",MinSum.budget-10.adaptive,0.9858909455251992,-0.014209533412074638
38,15,"100-cells.10x, 4",MinSum.budget-10.adaptive,0.9797686494512609,-0.020438807175406866
39,16,"100-cells.10x, 4",MinSum.budget-10.adaptive,0.9696529731653221,-0.030817031119329468
40,9,"100-cells.10x, 4",MinSum.budget-10.adaptive,0.8377150029201976,-0.17707732832511808
41,22,"100-cells.10x, 4",MinSum.budget-10.adaptive,0.9894069608716718,-0.010649544765863092
42,14,"100-cells.10x, 4",MinSum.budget-10.adaptive,0.9820165802872467,-0.018147086567308835
43,22,"100-cells.10x, 4",MinSum.budget-10.adaptive,0.9953674750880729,-0.0046432883094594
44,14,"100-cells.10x, 4",MinSum.budget-10.adaptive,0.9875195684225229,-0.012558966279123125
45,16,"100-cells.10x, 4",MinSum.budget-10.adaptive,0.9810331064580834,-0.01914907232251999
46,16,"100-cells.10x, 4",MinSum.budget-10.adaptive,0.994219612284713,-0.005797158816563088
47,11,"100-cells.10x, 4",MinSum.budget-10.adaptive,0.969813039489254,-0.030651968856571597
48,18,"100-cells.10x, 4",MinSum.budget-10.adaptive,0.9767655476220795,-0.023508627464833197
49,13,"100-cells.10x, 4",MinSum.budget-10.adaptive,0.9920759174171815,-0.007955644971092045
50,13,"100-cells.10x, 4",MinSum.budget-10.adaptive,0.9916797108949692,-0.00835509591336123
51,19,"100-cells.10x, 4",MinSum.budget-10.adaptive,0.973861236718379,-0.02648645292398012
52,24,"100-cells.10x, 4",MinSum.budget-10.adaptive,0.9929643506324117,-0.00706051625370335
53,20,"100-cells.10x, 4",MinSum.budget-10.adaptive,0.9895444911324794,-0.010510551703764696
54,17,"100-cells.10x, 4",MinSum.budget-10.adaptive,0.9822975627062303,-0.017860999515599486
55,10,"100-cells.10x, 4",MinSum.budget-10.adaptive,0.9861944917169967,-0.013901690568694404
56,16,"100-cells.10x, 4",MinSum.budget-10.adaptive,0.9999999982658841,-1.7341158524190086e-09
57,14,"100-cells.10x, 4",MinSum.budget-10.adaptive,0.9762178478504544,-0.02406951271071215
58,15,"100-cells.10x, 4",MinSum.budget-10.adaptive,0.9836194322285147,-0.01651621260455319
59,15,"100-cells.10x, 4",MinSum.budget-10.adaptive,0.9595373069950587,-0.04130408258618265
60,19,"100-cells.10x, 4",MinSum.budget-10.adaptive,0.9745873132825814,-0.0257411660157777
61,18,"100-cells.10x, 4",MinSum.budget-10.adaptive,0.9701271340794765,-0.030328150011798373
62,22,"100-cells.10x, 4",MinSum.budget-10.adaptive,0.9974984353468093,-0.0025046987939760486
63,18,"100-cells.10x, 4",MinSum.budget-10.adaptive,0.9875529705415911,-0.012525142590714274
64,18,"100-cells.10x, 4",MinSum.budget-10.adaptive,0.9910418712582368,-0.008998494022785226
65,19,"100-cells.10x, 4",MinSum.budget-10.adaptive,0.9895444928750642,-0.010510549942767835
66,18,"100-cells.10x, 4",MinSum.budget-10.adaptive,0.9683753299125796,-0.03213552934332888
67,18,"100-cells.10x, 4",MinSum.budget-10.adaptive,0.9792549531154564,-0.02096324837857079
68,18,"100-cells.10x, 4",MinSum.budget-10.adaptive,0.9956453534700676,-0.004364155618988344
69,11,"100-cells.10x, 4",MinSum.budget-10.adaptive,0.8792018700556063,-0.128740748898165
70,9,"100-cells.10x, 4",MinSum.budget-10.adaptive,0.9373900382401235,-0.06465582056074784
71,21,"100-cells.10x, 4",MinSum.budget-10.adaptive,0.9799875007857255,-0.020215461699136333
72,16,"100-cells.10x, 4",MinSum.budget-10.adaptive,0.9913294190051082,-0.008708389186924907
73,14,"100-cells.10x, 4",MinSum.budget-10.adaptive,0.9421961675487741,-0.059541780280429245
74,15,"100-cells.10x, 4",MinSum.budget-10.adaptive,0.9702723060475598,-0.030178518997325772
75,12,"100-cells.10x, 4",MinSum.budget-10.adaptive,0.9295344044016305,-0.07307145862545168
76,17,"100-cells.10x, 4",MinSum.budget-10.adaptive,0.9668079336146683,-0.03375542413076043
77,23,"100-cells.10x, 4",MinSum.budget-10.adaptive,0.9954971847949876,-0.004512983412585216
78,14,"100-cells.10x, 4",MinSum.budget-10.adaptive,0.9660254999060333,-0.03456504769977088
79,15,"100-cells.10x, 4",MinSum.budget-10.adaptive,0.9687859206959287,-0.03171161957394984
80,19,"100-cells.10x, 4",MinSum.budget-10.adaptive,0.9953323622416299,-0.004678565196299071
81,22,"100-cells.10x, 4",MinSum.budget-10.adaptive,0.9713987989297055,-0.029018185503514052
82,17,"100-cells.10x, 4",MinSum.budget-10.adaptive,0.9856669977397599,-0.01443671191034553
83,17,"100-cells.10x, 4",MinSum.budget-10.adaptive,0.9734463458295887,-0.026912570398986622
84,18,"100-cells.10x, 4",MinSum.budget-10.adaptive,0.9743946858661168,-0.025938835791256384
85,20,"100-cells.10x, 4",MinSum.budget-10.adaptive,0.9872936528293873,-0.012787763201981342
86,17,"100-cells.10x, 4",MinSum.budget-10.adaptive,0.9963436208068148,-0.0036630800865788144
87,18,"100-cells.10x, 4",MinSum.budget-10.adaptive,0.9846368098809303,-0.015482426737391577
88,17,"100-cells.10x, 4",MinSum.budget-10.adaptive,0.9349435558327671,-0.06726911960897394
89,15,"100-cells.10x, 4",MinSum.budget-10.adaptive,0.9876134588713038,-0.012463893747243786
90,18,"100-cells.10x, 4",MinSum.budget-10.adaptive,0.9875529705415911,-0.012525142590714274
91,21,"100-cells.10x, 4",MinSum.budget-10.adaptive,0.9877474486671498,-0.012328232668258008
92,12,"100-cells.10x, 4",MinSum.budget-10.adaptive,0.9445314544089947,-0.057066289885731335
93,18,"100-cells.10x, 4",MinSum.budget-10.adaptive,0.9880508515606055,-0.012021113367866383
94,16,"100-cells.10x, 4",MinSum.budget-10.adaptive,0.9931747611989703,-0.006848637270914763
95,19,"100-cells.10x, 4",MinSum.budget-10.adaptive,0.9961896832157918,-0.0038175945341099985
96,21,"100-cells.10x, 4",MinSum.budget-10.adaptive,0.9891977505381961,-0.01086101735869468
97,23,"100-cells.10x, 4",MinSum.budget-10.adaptive,0.9810759749012404,-0.019105376033082135
98,9,"100-cells.10x, 4",MinSum.budget-10.adaptive,0.9999999783620033,-2.163799696182061e-08
99,17,"100-cells.10x, 4",MinSum.budget-10.adaptive,0.9907062158889485,-0.009337240783460793
0,14,"100-cells.10x, 5",MinSum.budget-10.adaptive,0.9665273633824825,-0.03404566890577829
1,17,"100-cells.10x, 5",MinSum.budget-10.adaptive,0.9657240012518673,-0.03487719858313682
2,23,"100-cells.10x, 5",MinSum.budget-10.adaptive,0.985123849556779,-0.01498791012346642
3,22,"100-cells.10x, 5",MinSum.budget-10.adaptive,0.9869400071294129,-0.013146024446260172
4,19,"100-cells.10x, 5",MinSum.budget-10.adaptive,0.9999999969254015,-3.074598469440607e-09
5,18,"100-cells.10x, 5",MinSum.budget-10.adaptive,0.9804055484272438,-0.019788967993679723
6,16,"100-cells.10x, 5",MinSum.budget-10.adaptive,0.9500141809292556,-0.05127836720500821
7,19,"100-cells.10x, 5",MinSum.budget-10.adaptive,0.9609412132835546,-0.03984204432462519
8,25,"100-cells.10x, 5",MinSum.budget-10.adaptive,0.9839337514072223,-0.01619671000203583
9,14,"100-cells.10x, 5",MinSum.budget-10.adaptive,0.9634305979428543,-0.0372548249178792
10,23,"100-cells.10x, 5",MinSum.budget-10.adaptive,0.9702477020061422,-0.030203877191332305
11,18,"100-cells.10x, 5",MinSum.budget-10.adaptive,0.9629819137427444,-0.03772064852056199
12,0,"100-cells.10x, 5",MinSum.budget-10.adaptive,1.7999838891502584e-05,-10.925147750580244
13,15,"100-cells.10x, 5",MinSum.budget-10.adaptive,0.953697558838573,-0.0474086820748957
14,23,"100-cells.10x, 5",MinSum.budget-10.adaptive,0.9795753858808606,-0.020636080923704257
15,19,"100-cells.10x, 5",MinSum.budget-10.adaptive,0.9489844436617287,-0.05236287285458549
16,14,"100-cells.10x, 5",MinSum.budget-10.adaptive,0.9662518693817378,-0.03433074440528725
17,20,"100-cells.10x, 5",MinSum.budget-10.adaptive,0.9700153374714349,-0.030443395783492637
18,16,"100-cells.10x, 5",MinSum.budget-10.adaptive,0.911431384355327,-0.09273896542010322
19,11,"100-cells.10x, 5",MinSum.budget-10.adaptive,0.9322789292861843,-0.07012322872199331
20,26,"100-cells.10x, 5",MinSum.budget-10.adaptive,0.9883806565443114,-0.011687375532363714
21,13,"100-cells.10x, 5",MinSum.budget-10.adaptive,0.9460030060099468,-0.05550953233494074
22,18,"100-cells.10x, 5",MinSum.budget-10.adaptive,0.9669343661856878,-0.033624659476946185
23,19,"100-cells.10x, 5",MinSum.budget-10.adaptive,0.9740580742453323,-0.026284352635210034
24,17,"100-cells.10x, 5",MinSum.budget-10.adaptive,0.9430630175262843,-0.058622171936428054
25,13,"100-cells.10x, 5",MinSum.budget-10.adaptive,0.9471049814910169,-0.05434533503313889
26,16,"100-cells.10x, 5",MinSum.budget-10.adaptive,0.9314480230693298,-0.07101488967142146
27,15,"100-cells.10x, 5",MinSum.budget-10.adaptive,0.9712015892860768,-0.029221222263418434
28,14,"100-cells.10x, 5",MinSum.budget-10.adaptive,0.9917718780689306,-0.008262159766554726
29,11,"100-cells.10x, 5",MinSum.budget-10.adaptive,0.9713349928946274,-0.029083872357131887
30,21,"100-cells.10x, 5",MinSum.budget-10.adaptive,0.9535120553041768,-0.04760321080797838
31,24,"100-cells.10x, 5",MinSum.budget-10.adaptive,0.9880990769677158,-0.01197230593030941
32,24,"100-cells.10x, 5",MinSum.budget-10.adaptive,0.9795984191566764,-0.02061256766953792
33,15,"100-cells.10x, 5",MinSum.budget-10.adaptive,0.9209208921626796,-0.08238113983316703
34,19,"100-cells.10x, 5",MinSum.budget-10.adaptive,0.9539330421440538,-0.04716179642884279
35,21,"100-cells.10x, 5",MinSum.budget-10.adaptive,0.9595207004140818,-0.041321389599220514
36,16,"100-cells.10x, 5",MinSum.budget-10.adaptive,0.9838008893386736,-0.016331750638104745
37,12,"100-cells.10x, 5",MinSum.budget-10.adaptive,0.9173515597517213,-0.08626449987900285
38,20,"100-cells.10x, 5",MinSum.budget-10.adaptive,0.9825089455742717,-0.017645830369969983
39,14,"100-cells.10x, 5",MinSum.budget-10.adaptive,0.9122334465212605,-0.09185934960027901
40,12,"100-cells.10x, 5",MinSum.budget-10.adaptive,0.946431563019546,-0.05505661626171035
41,17,"100-cells.10x, 5",MinSum.budget-10.adaptive,0.9380019539920628,-0.06400324683089367
42,16,"100-cells.10x, 5",MinSum.budget-10.adaptive,0.9900821763432553,-0.009967332891014006
43,20,"100-cells.10x, 5",MinSum.budget-10.adaptive,0.987506388981988,-0.012572312372611872
44,18,"100-cells.10x, 5",MinSum.budget-10.adaptive,0.9701417906862783,-0.030313042202138613
45,15,"100-cells.10x, 5",MinSum.budget-10.adaptive,0.9125248413066909,-0.09153997054624094
46,21,"100-cells.10x, 5",MinSum.budget-10.adaptive,0.9927444492315561,-0.007282000291815686
47,16,"100-cells.10x, 5",MinSum.budget-10.adaptive,0.9771493359451863,-0.023115787089574104
48,21,"100-cells.10x, 5",MinSum.budget-10.adaptive,0.924353326638369,-0.07866089229540113
49,20,"100-cells.10x, 5",MinSum.budget-10.adaptive,0.9832605145582627,-0.016881174050036654
50,18,"100-cells.10x, 5",MinSum.budget-10.adaptive,0.9736463023625277,-0.026707180548814245
51,18,"100-cells.10x, 5",MinSum.budget-10.adaptive,0.987660636029068,-0.012416126039567252
52,11,"100-cells.10x, 5",MinSum.budget-10.adaptive,0.9873022939504513,-0.012779010909059673
53,21,"100-cells.10x, 5",MinSum.budget-10.adaptive,0.9673500292510231,-0.033194874619337726
54,15,"100-cells.10x, 5",MinSum.budget-10.adaptive,0.9562624151861487,-0.04472291072447119
55,15,"100-cells.10x, 5",MinSum.budget-10.adaptive,0.9589960145787141,-0.041868359916808595
56,15,"100-cells.10x, 5",MinSum.budget-10.adaptive,0.9561167100956459,-0.04487529169209265
57,15,"100-cells.10x, 5",MinSum.budget-10.adaptive,0.9839331286662977,-0.016197342911640548
58,17,"100-cells.10x, 5",MinSum.budget-10.adaptive,0.9662595635984164,-0.034322781485588774
59,24,"100-cells.10x, 5",MinSum.budget-10.adaptive,0.9814874542730222,-0.018686047544948313
60,22,"100-cells.10x, 5",MinSum.budget-10.adaptive,0.9697413200648123,-0.03072592339578947
61,16,"100-cells.10x, 5",MinSum.budget-10.adaptive,0.957824463987517,-0.043090749546070645
62,17,"100-cells.10x, 5",MinSum.budget-10.adaptive,0.9880033966249494,-0.012069143360675286
63,16,"100-cells.10x, 5",MinSum.budget-10.adaptive,0.9631380287568827,-0.037558545412613775
64,10,"100-cells.10x, 5",MinSum.budget-10.adaptive,0.8662300268788405,-0.14360478573796412
65,20,"100-cells.10x, 5",MinSum.budget-10.adaptive,0.9648470845340289,-0.03578565182228854
66,17,"100-cells.10x, 5",MinSum.budget-10.adaptive,0.9190229632082003,-0.08444416976974455
67,18,"100-cells.10x, 5",MinSum.budget-10.adaptive,0.9635603211959122,-0.03712018676056836
68,12,"100-cells.10x, 5",MinSum.budget-10.adaptive,0.9692746907903991,-0.03120722863598238
69,17,"100-cells.10x, 5",MinSum.budget-10.adaptive,0.9202882290917557,-0.08306836551385705
70,14,"100-cells.10x, 5",MinSum.budget-10.adaptive,0.9691445661571881,-0.031341487138563814
71,0,"100-cells.10x, 5",MinSum.budget-10.adaptive,1.7999838891502584e-05,-10.925147750580244
72,15,"100-cells.10x, 5",MinSum.budget-10.adaptive,0.9015904478368264,-0.1035949109923458
73,19,"100-cells.10x, 5",MinSum.budget-10.adaptive,0.9654497801684481,-0.03516119279215162
74,18,"100-cells.10x, 5",MinSum.budget-10.adaptive,0.9559124900845631,-0.04508890768900327
75,21,"100-cells.10x, 5",MinSum.budget-10.adaptive,0.9580214675125385,-0.04288509258537589
76,19,"100-cells.10x, 5",MinSum.budget-10.adaptive,0.9635603148189675,-0.037120193378674685
77,11,"100-cells.10x, 5",MinSum.budget-10.adaptive,0.8312594861196647,-0.18481327520390722
78,11,"100-cells.10x, 5",MinSum.budget-10.adaptive,0.9619068929618417,-0.038837617863338024
79,10,"100-cells.10x, 5",MinSum.budget-10.adaptive,0.7245053552860738,-0.3222661255495137
80,17,"100-cells.10x, 5",MinSum.budget-10.adaptive,0.9291450915419093,-0.07349037201666753
81,22,"100-cells.10x, 5",MinSum.budget-10.adaptive,0.9706150201224257,-0.029825367040685308
82,15,"100-cells.10x, 5",MinSum.budget-10.adaptive,0.9322943571252363,-0.07010668033618853
83,12,"100-cells.10x, 5",MinSum.budget-10.adaptive,0.9481510443094201,-0.053241459978385884
84,20,"100-cells.10x, 5",MinSum.budget-10.adaptive,0.9418900822049538,-0.0598666967714371
85,18,"100-cells.10x, 5",MinSum.budget-10.adaptive,0.9521729247011688,-0.04900861709230716
86,23,"100-cells.10x, 5",MinSum.budget-10.adaptive,0.978141167172753,-0.022101276651300298
87,24,"100-cells.10x, 5",MinSum.budget-10.adaptive,0.9914993399693444,-0.008536996711520197
88,21,"100-cells.10x, 5",MinSum.budget-10.adaptive,0.9591875457465819,-0.04166865935376978
89,23,"100-cells.10x, 5",MinSum.budget-10.adaptive,0.9800682836746257,-0.020133032525858272
90,21,"100-cells.10x, 5",MinSum.budget-10.adaptive,0.9803878945179859,-0.019806974897284883
91,18,"100-cells.10x, 5",MinSum.budget-10.adaptive,0.9375319855141595,-0.06450440383780272
92,20,"100-cells.10x, 5",MinSum.budget-10.adaptive,0.985369470330021,-0.01473861135951203
93,15,"100-cells.10x, 5",MinSum.budget-10.adaptive,0.9492207643175924,-0.052113879061826726
94,19,"100-cells.10x, 5",MinSum.budget-10.adaptive,0.9846270054656006,-0.015492384179612769
95,15,"100-cells.10x, 5",MinSum.budget-10.adaptive,0.9035988054704216,-0.1013698163563809
96,10,"100-cells.10x, 5",MinSum.budget-10.adaptive,0.9738730456656116,-0.026474327094148428
97,14,"100-cells.10x, 5",MinSum.budget-10.adaptive,0.9328037300929737,-0.06956046458068214
98,15,"100-cells.10x, 5",MinSum.budget-10.adaptive,0.9333522575306794,-0.06897259576677732
99,21,"100-cells.10x, 5",MinSum.budget-10.adaptive,0.9834158863270014,-0.016723169643219137
0,10,"100-cells.10x, 6",MinSum.budget-10.adaptive,0.9661544515484097,-0.03443156981902705
1,17,"100-cells.10x, 6",MinSum.budget-10.adaptive,0.926160460994288,-0.07670777533678763
2,16,"100-cells.10x, 6",MinSum.budget-10.adaptive,0.98043552525041,-0.019758392519133687
3,18,"100-cells.10x, 6",MinSum.budget-10.adaptive,0.9538310476809776,-0.047268722084606404
4,22,"100-cells.10x, 6",MinSum.budget-10.adaptive,0.979412088840315,-0.020802796681748587
5,21,"100-cells.10x, 6",MinSum.budget-10.adaptive,0.9858136443867545,-0.014287943878713343
6,22,"100-cells.10x, 6",MinSum.budget-10.adaptive,0.9876472518218598,-0.012429677554539399
7,10,"100-cells.10x, 6",MinSum.budget-10.adaptive,0.9999999982516012,-1.748398760633379e-09
8,26,"100-cells.10x, 6",MinSum.budget-10.adaptive,0.9794352933767849,-0.02077910465072911
9,11,"100-cells.10x, 6",MinSum.budget-10.adaptive,0.9323089064813685,-0.07009107448971547
10,17,"100-cells.10x, 6",MinSum.budget-10.adaptive,0.926160460994288,-0.07670777533678763
11,13,"100-cells.10x, 6",MinSum.budget-10.adaptive,0.983829369290731,-0.01630280215864888
12,22,"100-cells.10x, 6",MinSum.budget-10.adaptive,0.9677316024733358,-0.032800500324214873
13,19,"100-cells.10x, 6",MinSum.budget-10.adaptive,0.9971733272440427,-0.00283067533983451
14,20,"100-cells.10x, 6",MinSum.budget-10.adaptive,0.9682358079828208,-0.03227961808398516
15,19,"100-cells.10x, 6",MinSum.budget-10.adaptive,0.9903814641309011,-0.00966509276520951
16,21,"100-cells.10x, 6",MinSum.budget-10.adaptive,0.9791547442240969,-0.02106558538352243
17,18,"100-cells.10x, 6",MinSum.budget-10.adaptive,0.9769155203778179,-0.02335509907323488
18,12,"100-cells.10x, 6",MinSum.budget-10.adaptive,0.9331445852885857,-0.0691951219861488
19,20,"100-cells.10x, 6",MinSum.budget-10.adaptive,0.9611050725412783,-0.039671539317197316
20,25,"100-cells.10x, 6",MinSum.budget-10.adaptive,0.9748187319887981,-0.025503741177719846
21,11,"100-cells.10x, 6",MinSum.budget-10.adaptive,0.9410580907031572,-0.060750408355125324
22,6,"100-cells.10x, 6",MinSum.budget-10.adaptive,0.568395800465879,-0.5649372711294146
23,17,"100-cells.10x, 6",MinSum.budget-10.adaptive,0.9646666233222518,-0.03597270539083119
24,18,"100-cells.10x, 6",MinSum.budget-10.adaptive,0.9396976968685445,-0.06219705451817667
25,21,"100-cells.10x, 6",MinSum.budget-10.adaptive,0.9867649157907037,-0.013323448474680238
26,17,"100-cells.10x, 6",MinSum.budget-10.adaptive,0.9628999550051149,-0.03780576146441277
27,20,"100-cells.10x, 6",MinSum.budget-10.adaptive,0.9921448603929522,-0.00788615373647793
28,19,"100-cells.10x, 6",MinSum.budget-10.adaptive,0.9773866329337,-0.022872970386829315
29,15,"100-cells.10x, 6",MinSum.budget-10.adaptive,0.9753590343870299,-0.02494963537119115
30,13,"100-cells.10x, 6",MinSum.budget-10.adaptive,0.9480013322279361,-0.05339937142437257
31,23,"100-cells.10x, 6",MinSum.budget-10.adaptive,0.9498047179164584,-0.05149887560585972
32,12,"100-cells.10x, 6",MinSum.budget-10.adaptive,0.9672544868943013,-0.03329364659676479
33,16,"100-cells.10x, 6",MinSum.budget-10.adaptive,0.9865843592805281,-0.013506443459866435
34,14,"100-cells.10x, 6",MinSum.budget-10.adaptive,0.9912678580853427,-0.008770490472442286
35,18,"100-cells.10x, 6",MinSum.budget-10.adaptive,0.9831745774627436,-0.016968577998351532
36,11,"100-cells.10x, 6",MinSum.budget-10.adaptive,0.9631613055843122,-0.03753437800829017
37,17,"100-cells.10x, 6",MinSum.budget-10.adaptive,0.9701750414100905,-0.030278768702815775
38,15,"100-cells.10x, 6",MinSum.budget-10.adaptive,0.9724021176559683,-0.027985858780334924
39,13,"100-cells.10x, 6",MinSum.budget-10.adaptive,0.9611904947388199,-0.03958266412125781
40,17,"100-cells.10x, 6",MinSum.budget-10.adaptive,0.9491199406368458,-0.052220102018094024
41,21,"100-cells.10x, 6",MinSum.budget-10.adaptive,0.9797337789330504,-0.020474398372140344
42,15,"100-cells.10x, 6",MinSum.budget-10.adaptive,0.9561938421957369,-0.04479462268146529
43,21,"100-cells.10x, 6",MinSum.budget-10.adaptive,0.9801473751750022,-0.0200523357922491
44,17,"100-cells.10x, 6",MinSum.budget-10.adaptive,0.9715952771377824,-0.028815942778055777
45,19,"100-cells.10x, 6",MinSum.budget-10.adaptive,0.9908394895208845,-0.009202725963264463
46,22,"100-cells.10x, 6",MinSum.budget-10.adaptive,0.979832250184512,-0.020373895250447725
47,20,"100-cells.10x, 6",MinSum.budget-10.adaptive,0.9902287866726102,-0.00981926490334868
48,18,"100-cells.10x, 6",MinSum.budget-10.adaptive,0.9884062318233117,-0.011661499926700614
49,18,"100-cells.10x, 6",MinSum.budget-10.adaptive,0.9676951918781861,-0.03283812571543117
50,26,"100-cells.10x, 6",MinSum.budget-10.adaptive,0.988432351656868,-0.011635074062923797
51,15,"100-cells.10x, 6",MinSum.budget-10.adaptive,0.9925716136235121,-0.007456114239427759
52,16,"100-cells.10x, 6",MinSum.budget-10.adaptive,0.9897785576995846,-0.010274039964729139
53,12,"100-cells.10x, 6",MinSum.budget-10.adaptive,0.9345089811563412,-0.0677340414785109
54,16,"100-cells.10x, 6",MinSum.budget-10.adaptive,0.9618399607246406,-0.03890720314905257
55,22,"100-cells.10x, 6",MinSum.budget-10.adaptive,0.9783826935834289,-0.02185438325352757
56,21,"100-cells.10x, 6",MinSum.budget-10.adaptive,0.9727735443515073,-0.02760396350238363
57,28,"100-cells.10x, 6",MinSum.budget-10.adaptive,0.9999999978673632,-2.1326368471722426e-09
58,26,"100-cells.10x, 6",MinSum.budget-10.adaptive,0.9981548991037209,-0.0018468051916584309
59,21,"100-cells.10x, 6",MinSum.budget-10.adaptive,0.9896600902288393,-0.010393738012466779
60,19,"100-cells.10x, 6",MinSum.budget-10.adaptive,0.9744752069546536,-0.025856202169710598
61,17,"100-cells.10x, 6",MinSum.budget-10.adaptive,0.9885826309602087,-0.01148304759377568
62,17,"100-cells.10x, 6",MinSum.budget-10.adaptive,0.9805224744577583,-0.01966971218287128
63,20,"100-cells.10x, 6",MinSum.budget-10.adaptive,0.9602947617652615,-0.040514998142984815
64,16,"100-cells.10x, 6",MinSum.budget-10.adaptive,0.9465981987415036,-0.054880564383653234
65,19,"100-cells.10x, 6",MinSum.budget-10.adaptive,0.9748740323844005,-0.02544701388547385
66,13,"100-cells.10x, 6",MinSum.budget-10.adaptive,0.9554297123831536,-0.04559407909269359
67,21,"100-cells.10x, 6",MinSum.budget-10.adaptive,0.9768386048671513,-0.023433835194338826
68,16,"100-cells.10x, 6",MinSum.budget-10.adaptive,0.9415674445550785,-0.0602092982354438
69,18,"100-cells.10x, 6",MinSum.budget-10.adaptive,0.9842195939913662,-0.01590624220203243
70,12,"100-cells.10x, 6",MinSum.budget-10.adaptive,0.9999999842821589,-1.5717841263264885e-08
71,17,"100-cells.10x, 6",MinSum.budget-10.adaptive,0.9763293969047007,-0.023955252679701625
72,17,"100-cells.10x, 6",MinSum.budget-10.adaptive,0.9920111701970961,-0.008020911481330023
73,18,"100-cells.10x, 6",MinSum.budget-10.adaptive,0.9969714226485776,-0.0030331727725468514
74,18,"100-cells.10x, 6",MinSum.budget-10.adaptive,0.973079325757535,-0.02728967313311478
75,20,"100-cells.10x, 6",MinSum.budget-10.adaptive,0.982045398165637,-0.0181177413850198
76,15,"100-cells.10x, 6",MinSum.budget-10.adaptive,0.9780877897908381,-0.02215584836361255
77,19,"100-cells.10x, 6",MinSum.budget-10.adaptive,0.9596021660716046,-0.04123649075402986
78,20,"100-cells.10x, 6",MinSum.budget-10.adaptive,0.9696006759994074,-0.030870966473221836
79,18,"100-cells.10x, 6",MinSum.budget-10.adaptive,0.978463458829264,-0.021771836911515557
80,10,"100-cells.10x, 6",MinSum.budget-10.adaptive,0.9814984285325443,-0.01867486635447887
81,14,"100-cells.10x, 6",MinSum.budget-10.adaptive,0.9425044313317622,-0.05921465799276179
82,25,"100-cells.10x, 6",MinSum.budget-10.adaptive,0.990313225829835,-0.009733996167070411
83,16,"100-cells.10x, 6",MinSum.budget-10.adaptive,0.9499149514025307,-0.051382823234579544
84,16,"100-cells.10x, 6",MinSum.budget-10.adaptive,0.9501583176505641,-0.051126658113657075
85,18,"100-cells.10x, 6",MinSum.budget-10.adaptive,0.9711444028528585,-0.029280106142465987
86,11,"100-cells.10x, 6",MinSum.budget-10.adaptive,0.9017634962936403,-0.10340299253073902
87,19,"100-cells.10x, 6",MinSum.budget-10.adaptive,0.9794804589671408,-0.020732991804569396
88,13,"100-cells.10x, 6",MinSum.budget-10.adaptive,0.9094445032477106,-0.09492130185467539
89,19,"100-cells.10x, 6",MinSum.budget-10.adaptive,0.9748740323844005,-0.02544701388547385
90,11,"100-cells.10x, 6",MinSum.budget-10.adaptive,0.9907903201795498,-0.009252351116362278
91,21,"100-cells.10x, 6",MinSum.budget-10.adaptive,0.9858136443867545,-0.014287943878713343
92,18,"100-cells.10x, 6",MinSum.budget-10.adaptive,0.9899047456447878,-0.01014655700302413
93,11,"100-cells.10x, 6",MinSum.budget-10.adaptive,0.925153135622632,-0.07779600314746894
94,19,"100-cells.10x, 6",MinSum.budget-10.adaptive,0.9743505748631498,-0.02598410697560605
95,24,"100-cells.10x, 6",MinSum.budget-10.adaptive,0.9734305711389224,-0.02692877552272005
96,25,"100-cells.10x, 6",MinSum.budget-10.adaptive,0.9768647099651326,-0.023407111486819208
97,12,"100-cells.10x, 6",MinSum.budget-10.adaptive,0.9809912623897775,-0.019191726296626122
98,18,"100-cells.10x, 6",MinSum.budget-10.adaptive,0.9769155212434856,-0.023355098187111536
99,13,"100-cells.10x, 6",MinSum.budget-10.adaptive,0.9643437683019928,-0.03630744181804334
0,14,"100-cells.10x, 7",MinSum.budget-10.adaptive,0.9496913766067605,-0.05161821389790378
1,19,"100-cells.10x, 7",MinSum.budget-10.adaptive,0.979899224249207,-0.020305545003901485
2,19,"100-cells.10x, 7",MinSum.budget-10.adaptive,0.9890073873426168,-0.011053477880125572
3,19,"100-cells.10x, 7",MinSum.budget-10.adaptive,0.969220690759159,-0.03126294198125837
4,19,"100-cells.10x, 7",MinSum.budget-10.adaptive,0.9887783746390373,-0.011285062826286395
5,15,"100-cells.10x, 7",MinSum.budget-10.adaptive,0.9299101522442431,-0.07266730799199059
6,18,"100-cells.10x, 7",MinSum.budget-10.adaptive,0.9922675998213474,-0.00776245019095756
7,19,"100-cells.10x, 7",MinSum.budget-10.adaptive,0.9658007677666708,-0.034797710588910465
8,19,"100-cells.10x, 7",MinSum.budget-10.adaptive,0.9299891501773407,-0.07258235937886699
9,16,"100-cells.10x, 7",MinSum.budget-10.adaptive,0.9856260995679506,-0.0144782056606874
10,17,"100-cells.10x, 7",MinSum.budget-10.adaptive,0.9970187438609215,-0.0029857089353148214
11,16,"100-cells.10x, 7",MinSum.budget-10.adaptive,0.9618399592936396,-0.03890720463682709
12,16,"100-cells.10x, 7",MinSum.budget-10.adaptive,0.9739140346454369,-0.02643223935237657
13,19,"100-cells.10x, 7",MinSum.budget-10.adaptive,0.9924622079627841,-0.0075663447651236745
14,19,"100-cells.10x, 7",MinSum.budget-10.adaptive,0.9597984545286449,-0.04103195976074184
15,27,"100-cells.10x, 7",MinSum.budget-10.adaptive,0.9836720001244252,-0.016462770704630706
16,21,"100-cells.10x, 7",MinSum.budget-10.adaptive,0.9654267238009825,-0.03518507455509117
17,12,"100-cells.10x, 7",MinSum.budget-10.adaptive,0.9799517252093206,-0.020251968521321797
18,16,"100-cells.10x, 7",MinSum.budget-10.adaptive,0.9850937326457171,-0.01501848229106488
19,16,"100-cells.10x, 7",MinSum.budget-10.adaptive,0.979131226777255,-0.021089603782460387
20,14,"100-cells.10x, 7",MinSum.budget-10.adaptive,0.9310053196679547,-0.07149028779233454
21,19,"100-cells.10x, 7",MinSum.budget-10.adaptive,0.9711444028528585,-0.029280106142465987
22,23,"100-cells.10x, 7",MinSum.budget-10.adaptive,0.9713169738811561,-0.02910242330066681
23,14,"100-cells.10x, 7",MinSum.budget-10.adaptive,0.9559799538234506,-0.045018334954506196
24,13,"100-cells.10x, 7",MinSum.budget-10.adaptive,0.9933469390183766,-0.006675291246233968
25,16,"100-cells.10x, 7",MinSum.budget-10.adaptive,0.9332199377076262,-0.06911437418136249
26,15,"100-cells.10x, 7",MinSum.budget-10.adaptive,0.9427599553969735,-0.058943582945065784
27,21,"100-cells.10x, 7",MinSum.budget-10.adaptive,0.9691181409809381,-0.03136875400610905
28,20,"100-cells.10x, 7",MinSum.budget-10.adaptive,0.9843660603177397,-0.015757438591355748
29,17,"100-cells.10x, 7",MinSum.budget-10.adaptive,0.9406399320149881,-0.06119485660346693
30,18,"100-cells.10x, 7",MinSum.budget-10.adaptive,0.9697016234175145,-0.030766859528957705
31,13,"100-cells.10x, 7",MinSum.budget-10.adaptive,0.91850005231169,-0.08501331737356697
32,20,"100-cells.10x, 7",MinSum.budget-10.adaptive,0.9680807102439677,-0.03243981683013527
33,14,"100-cells.10x, 7",MinSum.budget-10.adaptive,0.9842297815740194,-0.015895891331159342
34,16,"100-cells.10x, 7",MinSum.budget-10.adaptive,0.9824775303949829,-0.01767780532722868
35,18,"100-cells.10x, 7",MinSum.budget-10.adaptive,0.9497480792162298,-0.051558509326313104
36,9,"100-cells.10x, 7",MinSum.budget-10.adaptive,0.9289539778204084,-0.07369608087829496
37,25,"100-cells.10x, 7",MinSum.budget-10.adaptive,0.987606093522006,-0.012471351499764414
38,15,"100-cells.10x, 7",MinSum.budget-10.adaptive,0.9671316908490634,-0.03342060784867582
39,21,"100-cells.10x, 7",MinSum.budget-10.adaptive,0.9924001656749254,-0.007628860220807551
40,20,"100-cells.10x, 7",MinSum.budget-10.adaptive,0.9804575762765835,-0.019735901720265323
41,13,"100-cells.10x, 7",MinSum.budget-10.adaptive,0.9767142931757947,-0.023561102484258592
42,26,"100-cells.10x, 7",MinSum.budget-10.adaptive,0.9896674389994652,-0.01038631248989163
43,14,"100-cells.10x, 7",MinSum.budget-10.adaptive,0.936919147585863,-0.0651582890624537
44,24,"100-cells.10x, 7",MinSum.budget-10.adaptive,0.9652970736234314,-0.035319376704284026
45,21,"100-cells.10x, 7",MinSum.budget-10.adaptive,0.9864891849420561,-0.013602916638805515
46,17,"100-cells.10x, 7",MinSum.budget-10.adaptive,0.9939158072788252,-0.006102776839624265
47,16,"100-cells.10x, 7",MinSum.budget-10.adaptive,0.9671316850971085,-0.033420613796112955
48,9,"100-cells.10x, 7",MinSum.budget-10.adaptive,0.9347264669826284,-0.06750134117584422
49,19,"100-cells.10x, 7",MinSum.budget-10.adaptive,0.9773866289763602,-0.02287297443572835
50,24,"100-cells.10x, 7",MinSum.budget-10.adaptive,0.9938998746673373,-0.006118807110069314
51,16,"100-cells.10x, 7",MinSum.budget-10.adaptive,0.9618399607246406,-0.03890720314905257
52,25,"100-cells.10x, 7",MinSum.budget-10.adaptive,0.9855404427521879,-0.014565115431097527
53,16,"100-cells.10x, 7",MinSum.budget-10.adaptive,0.9844244714622069,-0.01569810150745421
54,15,"100-cells.10x, 7",MinSum.budget-10.adaptive,0.9758518534664322,-0.024444493571348265
55,17,"100-cells.10x, 7",MinSum.budget-10.adaptive,0.9922964856710063,-0.007733339667521124
56,12,"100-cells.10x, 7",MinSum.budget-10.adaptive,0.970892876147862,-0.029539140002549615
57,19,"100-cells.10x, 7",MinSum.budget-10.adaptive,0.978121605492309,-0.022121275682839437
58,25,"100-cells.10x, 7",MinSum.budget-10.adaptive,0.992619600197339,-0.007407769703644868
59,21,"100-cells.10x, 7",MinSum.budget-10.adaptive,0.9925552642947383,-0.007472586061915324
60,18,"100-cells.10x, 7",MinSum.budget-10.adaptive,0.9874370169773871,-0.01264256451697215
61,14,"100-cells.10x, 7",MinSum.budget-10.adaptive,0.9822585049360778,-0.01790076195435184
62,17,"100-cells.10x, 7",MinSum.budget-10.adaptive,0.943466601131607,-0.058194313706705116
63,14,"100-cells.10x, 7",MinSum.budget-10.adaptive,0.9737163077486843,-0.0266352829106206
64,24,"100-cells.10x, 7",MinSum.budget-10.adaptive,0.9739728042415539,-0.026371897452671184
65,15,"100-cells.10x, 7",MinSum.budget-10.adaptive,0.9823919756747135,-0.017764889706175138
66,22,"100-cells.10x, 7",MinSum.budget-10.adaptive,0.9819855774457582,-0.01817865765430484
67,21,"100-cells.10x, 7",MinSum.budget-10.adaptive,0.9446827618154853,-0.05690610963140686
68,15,"100-cells.10x, 7",MinSum.budget-10.adaptive,0.9917829199390026,-0.00825102635084758
69,17,"100-cells.10x, 7",MinSum.budget-10.adaptive,0.9745599674564199,-0.025769225287063668
70,24,"100-cells.10x, 7",MinSum.budget-10.adaptive,0.9927349203713249,-0.007291598840536118
71,17,"100-cells.10x, 7",MinSum.budget-10.adaptive,0.9863048644422572,-0.01378977902354633
72,17,"100-cells.10x, 7",MinSum.budget-10.adaptive,0.9920499883991295,-0.00798178143549428
73,21,"100-cells.10x, 7",MinSum.budget-10.adaptive,0.9846851175491069,-0.015433366532949147
74,15,"100-cells.10x, 7",MinSum.budget-10.adaptive,0.9820251419308972,-0.018138368174462405
75,20,"100-cells.10x, 7",MinSum.budget-10.adaptive,0.9865994799851944,-0.013491117260284168
76,13,"100-cells.10x, 7",MinSum.budget-10.adaptive,0.9761230580819189,-0.02416661641664993
77,22,"100-cells.10x, 7",MinSum.budget-10.adaptive,0.9884192991041247,-0.011648279457206643
78,15,"100-cells.10x, 7",MinSum.budget-10.adaptive,0.9642249697082943,-0.03643064053168761
79,19,"100-cells.10x, 7",MinSum.budget-10.adaptive,0.9780147779830166,-0.022230498649398415
80,18,"100-cells.10x, 7",MinSum.budget-10.adaptive,0.9769155212434856,-0.023355098187111536
81,26,"100-cells.10x, 7",MinSum.budget-10.adaptive,0.9922882335703386,-0.007741655866459595
82,13,"100-cells.10x, 7",MinSum.budget-10.adaptive,0.9598867408439887,-0.04093997976775245
83,18,"100-cells.10x, 7",MinSum.budget-10.adaptive,0.9748740367814447,-0.025447009375102237
84,23,"100-cells.10x, 7",MinSum.budget-10.adaptive,0.9926441083839244,-0.007383079596753072
85,17,"100-cells.10x, 7",MinSum.budget-10.adaptive,0.9545524464881613,-0.04651269076936031
86,24,"100-cells.10x, 7",MinSum.budget-10.adaptive,0.9895426432392301,-0.010512419123563667
87,27,"100-cells.10x, 7",MinSum.budget-10.adaptive,0.9904288256295211,-0.00961727243746404
88,18,"100-cells.10x, 7",MinSum.budget-10.adaptive,0.9612342314167962,-0.03953716254464076
89,17,"100-cells.10x, 7",MinSum.budget-10.adaptive,0.9628999550051149,-0.03780576146441277
90,18,"100-cells.10x, 7",MinSum.budget-10.adaptive,0.9748740367814447,-0.025447009375102237
91,16,"100-cells.10x, 7",MinSum.budget-10.adaptive,0.984348419496007,-0.015775359749465735
92,16,"100-cells.10x, 7",MinSum.budget-10.adaptive,0.9427599453799643,-0.05894359357026175
93,17,"100-cells.10x, 7",MinSum.budget-10.adaptive,0.9667722022140529,-0.03379238293061298
94,24,"100-cells.10x, 7",MinSum.budget-10.adaptive,0.9808779778069326,-0.01930721267120165
95,17,"100-cells.10x, 7",MinSum.budget-10.adaptive,0.9980530569858346,-0.0019488407713323958
96,18,"100-cells.10x, 7",MinSum.budget-10.adaptive,0.9425692343129712,-0.05914590420089086
97,17,"100-cells.10x, 7",MinSum.budget-10.adaptive,0.926160460994288,-0.07670777533678763
98,12,"100-cells.10x, 7",MinSum.budget-10.adaptive,0.9999999941058088,-5.894191263562583e-09
99,24,"100-cells.10x, 7",MinSum.budget-10.adaptive,0.9871897384209911,-0.012893020515314652
0,15,"100-cells.10x, 8",MinSum.budget-10.adaptive,0.9057623137673436,-0.09897835419327018
1,22,"100-cells.10x, 8",MinSum.budget-10.adaptive,0.9529951449447653,-0.048145469837485556
2,16,"100-cells.10x, 8",MinSum.budget-10.adaptive,0.8746474445332342,-0.13393439435225807
3,10,"100-cells.10x, 8",MinSum.budget-10.adaptive,0.9718943259695426,-0.02850819857027379
4,17,"100-cells.10x, 8",MinSum.budget-10.adaptive,0.9179510341141244,-0.08561122952922393
5,16,"100-cells.10x, 8",MinSum.budget-10.adaptive,0.971214660082652,-0.02920776397755448
6,17,"100-cells.10x, 8",MinSum.budget-10.adaptive,0.9401726258555045,-0.06169177605154695
7,16,"100-cells.10x, 8",MinSum.budget-10.adaptive,0.8857724827838241,-0.12129515279400263
8,17,"100-cells.10x, 8",MinSum.budget-10.adaptive,0.8557733122896645,-0.15574976000347046
9,23,"100-cells.10x, 8",MinSum.budget-10.adaptive,0.9629483505116736,-0.03775550256662709
10,19,"100-cells.10x, 8",MinSum.budget-10.adaptive,0.9237147735706303,-0.07935194160584401
11,15,"100-cells.10x, 8",MinSum.budget-10.adaptive,0.8743497574487602,-0.1342748032299981
12,20,"100-cells.10x, 8",MinSum.budget-10.adaptive,0.9713345687425737,-0.029084309026406043
13,18,"100-cells.10x, 8",MinSum.budget-10.adaptive,0.9703952315770182,-0.03005183523801135
14,16,"100-cells.10x, 8",MinSum.budget-10.adaptive,0.8628956435354733,-0.14746151811258934
15,15,"100-cells.10x, 8",MinSum.budget-10.adaptive,0.9329865313678686,-0.06936451407192916
16,20,"100-cells.10x, 8",MinSum.budget-10.adaptive,0.9306497795915738,-0.07187224907060244
17,16,"100-cells.10x, 8",MinSum.budget-10.adaptive,0.9696747040894714,-0.030794620338103436
18,15,"100-cells.10x, 8",MinSum.budget-10.adaptive,0.9722018169853066,-0.02819186543063722
19,15,"100-cells.10x, 8",MinSum.budget-10.adaptive,0.8621122179429946,-0.148369833563013
20,20,"100-cells.10x, 8",MinSum.budget-10.adaptive,0.9694165495425044,-0.031060883772594857
21,15,"100-cells.10x, 8",MinSum.budget-10.adaptive,0.9106487125857583,-0.09359806246970064
22,21,"100-cells.10x, 8",MinSum.budget-10.adaptive,0.999999993931855,-6.068145004904188e-09
23,21,"100-cells.10x, 8",MinSum.budget-10.adaptive,0.9353683396490733,-0.06681488112111934
24,20,"100-cells.10x, 8",MinSum.budget-10.adaptive,0.9606784222134972,-0.040115554302189195
25,17,"100-cells.10x, 8",MinSum.budget-10.adaptive,0.9785069455758423,-0.021727393984338376
26,25,"100-cells.10x, 8",MinSum.budget-10.adaptive,0.9758857957382994,-0.024409711978766492
27,18,"100-cells.10x, 8",MinSum.budget-10.adaptive,0.955955357271782,-0.0450440644355479
28,11,"100-cells.10x, 8",MinSum.budget-10.adaptive,0.8707959403310437,-0.13834761163187265
29,12,"100-cells.10x, 8",MinSum.budget-10.adaptive,0.8933215445903596,-0.11280869058649208
30,18,"100-cells.10x, 8",MinSum.budget-10.adaptive,0.8688848018200519,-0.14054472657772657
31,15,"100-cells.10x, 8",MinSum.budget-10.adaptive,0.9120448260676746,-0.09206613872570162
32,21,"100-cells.10x, 8",MinSum.budget-10.adaptive,0.9727642682773109,-0.027613499245288536
33,17,"100-cells.10x, 8",MinSum.budget-10.adaptive,0.8397481267249276,-0.17465328124550963
34,18,"100-cells.10x, 8",MinSum.budget-10.adaptive,0.9486028360540213,-0.05276507581719062
35,13,"100-cells.10x, 8",MinSum.budget-10.adaptive,0.9507400902673607,-0.05051455529686509
36,16,"100-cells.10x, 8",MinSum.budget-10.adaptive,0.9451582498734503,-0.05640290532474036
37,0,"100-cells.10x, 8",MinSum.budget-10.adaptive,1.7999838891502584e-05,-10.925147750580244
38,19,"100-cells.10x, 8",MinSum.budget-10.adaptive,0.9313432953744298,-0.07112733135393674
39,2,"100-cells.10x, 8",MinSum.budget-10.adaptive,0.1735682478069135,-1.7511843978229815
40,17,"100-cells.10x, 8",MinSum.budget-10.adaptive,0.9113668582649117,-0.09280976435871696
41,14,"100-cells.10x, 8",MinSum.budget-10.adaptive,0.9372912274565883,-0.06476123664980223
42,14,"100-cells.10x, 8",MinSum.budget-10.adaptive,0.9668207514590067,-0.033742166317161044
43,16,"100-cells.10x, 8",MinSum.budget-10.adaptive,0.900050920472561,-0.10530393895547259
44,25,"100-cells.10x, 8",MinSum.budget-10.adaptive,0.9689960241747776,-0.0314947701185936
45,20,"100-cells.10x, 8",MinSum.budget-10.adaptive,0.9646105795596102,-0.03603080358695741
46,15,"100-cells.10x, 8",MinSum.budget-10.adaptive,0.929635858919126,-0.07296231905970256
47,30,"100-cells.10x, 8",MinSum.budget-10.adaptive,0.9914723854087563,-0.008564182737669531
48,13,"100-cells.10x, 8",MinSum.budget-10.adaptive,0.9324281119049662,-0.06996322222681224
49,22,"100-cells.10x, 8",MinSum.budget-10.adaptive,0.9603753273243483,-0.04043110496466996
50,16,"100-cells.10x, 8",MinSum.budget-10.adaptive,0.8971952332489392,-0.1084817892693467
51,24,"100-cells.10x, 8",MinSum.budget-10.adaptive,0.9407910348033748,-0.061034231216326514
52,13,"100-cells.10x, 8",MinSum.budget-10.adaptive,0.9189137370113585,-0.08456302717866117
53,9,"100-cells.10x, 8",MinSum.budget-10.adaptive,0.7938918577469585,-0.2308080263221052
54,15,"100-cells.10x, 8",MinSum.budget-10.adaptive,0.9195838403443184,-0.0838340587308508
55,17,"100-cells.10x, 8",MinSum.budget-10.adaptive,0.9584627054358186,-0.04242462655356144
56,14,"100-cells.10x, 8",MinSum.budget-10.adaptive,0.861784762218839,-0.14874973529944185
57,17,"100-cells.10x, 8",MinSum.budget-10.adaptive,0.9376940638651042,-0.06433154110330522
58,20,"100-cells.10x, 8",MinSum.budget-10.adaptive,0.9486294638526808,-0.052737005666094704
59,18,"100-cells.10x, 8",MinSum.budget-10.adaptive,0.9405261402124723,-0.06131583667464146
60,18,"100-cells.10x, 8",MinSum.budget-10.adaptive,0.9150373471660564,-0.08879039796466438
61,18,"100-cells.10x, 8",MinSum.budget-10.adaptive,0.944944198103762,-0.056629402857540805
62,18,"100-cells.10x, 8",MinSum.budget-10.adaptive,0.8819963201957797,-0.12556739509767753
63,20,"100-cells.10x, 8",MinSum.budget-10.adaptive,0.9393185559506703,-0.06260060709251
64,18,"100-cells.10x, 8",MinSum.budget-10.adaptive,0.9468983375978991,-0.05456354362005636
65,18,"100-cells.10x, 8",MinSum.budget-10.adaptive,0.9694134404002938,-0.031064091008120222
66,10,"100-cells.10x, 8",MinSum.budget-10.adaptive,0.9764961646188961,-0.023784456354738807
67,18,"100-cells.10x, 8",MinSum.budget-10.adaptive,0.912589862538305,-0.09146871888024466
68,15,"100-cells.10x, 8",MinSum.budget-10.adaptive,0.9947461411076998,-0.005267708941030245
69,23,"100-cells.10x, 8",MinSum.budget-10.adaptive,0.9465853822345209,-0.05489410401827894
70,21,"100-cells.10x, 8",MinSum.budget-10.adaptive,0.9806104983399809,-0.0195799437852127
71,21,"100-cells.10x, 8",MinSum.budget-10.adaptive,0.9432588979657918,-0.058414486876308874
72,17,"100-cells.10x, 8",MinSum.budget-10.adaptive,0.9076949147886064,-0.0968469537693066
73,12,"100-cells.10x, 8",MinSum.budget-10.adaptive,0.9256709384774509,-0.07723646550629126
74,18,"100-cells.10x, 8",MinSum.budget-10.adaptive,0.906762521750212,-0.09787469142981918
75,16,"100-cells.10x, 8",MinSum.budget-10.adaptive,0.8572156074063506,-0.15406580812155438
76,10,"100-cells.10x, 8",MinSum.budget-10.adaptive,0.9460371160844885,-0.05547347593830617
77,13,"100-cells.10x, 8",MinSum.budget-10.adaptive,0.891884987637082,-0.11441809234188771
78,20,"100-cells.10x, 8",MinSum.budget-10.adaptive,0.967636560305931,-0.03289871643555636
79,9,"100-cells.10x, 8",MinSum.budget-10.adaptive,0.8653426738702124,-0.14462969573558684
80,23,"100-cells.10x, 8",MinSum.budget-10.adaptive,0.9593785194005937,-0.041469579782717474
81,18,"100-cells.10x, 8",MinSum.budget-10.adaptive,0.9490224045612775,-0.052322872051016864
82,24,"100-cells.10x, 8",MinSum.budget-10.adaptive,0.9712244401008304,-0.029197694145066472
83,20,"100-cells.10x, 8",MinSum.budget-10.adaptive,0.9635911309004189,-0.03708821241368881
84,18,"100-cells.10x, 8",MinSum.budget-10.adaptive,0.9486028360540213,-0.05276507581719062
85,14,"100-cells.10x, 8",MinSum.budget-10.adaptive,0.926285199984765,-0.07657310041131676
86,17,"100-cells.10x, 8",MinSum.budget-10.adaptive,0.9586473176014153,-0.04223203232167182
87,20,"100-cells.10x, 8",MinSum.budget-10.adaptive,0.9773507696724429,-0.02290966407388237
88,20,"100-cells.10x, 8",MinSum.budget-10.adaptive,0.9779799147959166,-0.022266146176697338
89,9,"100-cells.10x, 8",MinSum.budget-10.adaptive,0.8768847294282884,-0.13137973261657399
90,19,"100-cells.10x, 8",MinSum.budget-10.adaptive,0.9340744941819183,-0.06819908570906055
91,19,"100-cells.10x, 8",MinSum.budget-10.adaptive,0.9803801077237421,-0.01981491749348697
92,14,"100-cells.10x, 8",MinSum.budget-10.adaptive,0.8464275154534846,-0.16673070960040007
93,20,"100-cells.10x, 8",MinSum.budget-10.adaptive,0.9650474858780008,-0.03557797069010168
94,11,"100-cells.10x, 8",MinSum.budget-10.adaptive,0.7728835048244038,-0.2576269470243358
95,16,"100-cells.10x, 8",MinSum.budget-10.adaptive,0.9786823990069031,-0.021548102765513298
96,22,"100-cells.10x, 8",MinSum.budget-10.adaptive,0.9004960903442842,-0.10480945602542996
97,15,"100-cells.10x, 8",MinSum.budget-10.adaptive,0.9472268917705775,-0.05421662445032105
98,26,"100-cells.10x, 8",MinSum.budget-10.adaptive,0.963881903183629,-0.036786498947119856
99,15,"100-cells.10x, 8",MinSum.budget-10.adaptive,0.9120448260676746,-0.09206613872570162
0,16,"100-cells.10x, 9",MinSum.budget-10.adaptive,0.9882613149154732,-0.01180812742441736
1,17,"100-cells.10x, 9",MinSum.budget-10.adaptive,0.9962718787782164,-0.0037350879863912237
2,15,"100-cells.10x, 9",MinSum.budget-10.adaptive,0.9424804645323867,-0.059240087161376805
3,20,"100-cells.10x, 9",MinSum.budget-10.adaptive,0.982132640650285,-0.018028907803764555
4,17,"100-cells.10x, 9",MinSum.budget-10.adaptive,0.9885873886900433,-0.01147823492740175
5,10,"100-cells.10x, 9",MinSum.budget-10.adaptive,0.9898505590349495,-0.01020129771741828
6,14,"100-cells.10x, 9",MinSum.budget-10.adaptive,0.9876193592272021,-0.012457919407566692
7,16,"100-cells.10x, 9",MinSum.budget-10.adaptive,0.9627188099644757,-0.03799390362886292
8,15,"100-cells.10x, 9",MinSum.budget-10.adaptive,0.918228512703863,-0.08530899482420104
9,14,"100-cells.10x, 9",MinSum.budget-10.adaptive,0.9630231600627754,-0.037677817563781794
10,26,"100-cells.10x, 9",MinSum.budget-10.adaptive,0.9845764694542064,-0.015543710527599541
11,8,"100-cells.10x, 9",MinSum.budget-10.adaptive,0.9999999871546309,-1.2845369184234484e-08
12,17,"100-cells.10x, 9",MinSum.budget-10.adaptive,0.9480599396783638,-0.05333755121706739
13,24,"100-cells.10x, 9",MinSum.budget-10.adaptive,0.9739728042415539,-0.026371897452671184
14,12,"100-cells.10x, 9",MinSum.budget-10.adaptive,0.8930313436821206,-0.11313359941351857
15,16,"100-cells.10x, 9",MinSum.budget-10.adaptive,0.9236799300352883,-0.07938966341513372
16,20,"100-cells.10x, 9",MinSum.budget-10.adaptive,0.9523537155477021,-0.048818763253294706
17,19,"100-cells.10x, 9",MinSum.budget-10.adaptive,0.9985978800005304,-0.0014031038895115306
18,20,"100-cells.10x, 9",MinSum.budget-10.adaptive,0.9636980668495049,-0.036977242094008156
19,16,"100-cells.10x, 9",MinSum.budget-10.adaptive,0.9761499738430239,-0.024139042649388296
20,16,"100-cells.10x, 9",MinSum.budget-10.adaptive,0.9332199377076263,-0.06911437418136238
21,20,"100-cells.10x, 9",MinSum.budget-10.adaptive,0.9659669379266587,-0.034625671104133914
22,21,"100-cells.10x, 9",MinSum.budget-10.adaptive,0.9841178994253074,-0.016009572618172353
23,15,"100-cells.10x, 9",MinSum.budget-10.adaptive,0.975851852560877,-0.024444494499312058
24,18,"100-cells.10x, 9",MinSum.budget-10.adaptive,0.98680886800999,-0.013278907733762056
25,22,"100-cells.10x, 9",MinSum.budget-10.adaptive,0.9803924652891,-0.019802312701347243
26,19,"100-cells.10x, 9",MinSum.budget-10.adaptive,0.9824118215949454,-0.01774468827918256
27,18,"100-cells.10x, 9",MinSum.budget-10.adaptive,0.9547732709554063,-0.04628137930038235
28,12,"100-cells.10x, 9",MinSum.budget-10.adaptive,0.9298018155307752,-0.072783817124015
29,30,"100-cells.10x, 9",MinSum.budget-10.adaptive,0.9975927885941297,-0.0024101133973199506
30,23,"100-cells.10x, 9",MinSum.budget-10.adaptive,0.9743794842078813,-0.02595443704302704
31,16,"100-cells.10x, 9",MinSum.budget-10.adaptive,0.9693356822980475,-0.031144305721181986
32,21,"100-cells.10x, 9",MinSum.budget-10.adaptive,0.9920589485214963,-0.007972749549996291
33,20,"100-cells.10x, 9",MinSum.budget-10.adaptive,0.9883627570977794,-0.0117054855676965
34,22,"100-cells.10x, 9",MinSum.budget-10.adaptive,0.9757987009474532,-0.024498962870549295
35,23,"100-cells.10x, 9",MinSum.budget-10.adaptive,0.9609592161225277,-0.039823309910814675
36,20,"100-cells.10x, 9",MinSum.budget-10.adaptive,0.9812894971604064,-0.0188877588123875
37,16,"100-cells.10x, 9",MinSum.budget-10.adaptive,0.936399939788072,-0.06571260766688704
38,22,"100-cells.10x, 9",MinSum.budget-10.adaptive,0.9855884607676549,-0.014516394096444266
39,12,"100-cells.10x, 9",MinSum.budget-10.adaptive,0.9999999935532284,-6.446771581811005e-09
40,15,"100-cells.10x, 9",MinSum.budget-10.adaptive,0.9342633890934945,-0.06799687933738585
41,12,"100-cells.10x, 9",MinSum.budget-10.adaptive,0.9301429127095029,-0.07241703506068527
42,18,"100-cells.10x, 9",MinSum.budget-10.adaptive,0.9698488450422681,-0.030615049480773485
43,12,"100-cells.10x, 9",MinSum.budget-10.adaptive,0.9415015111873583,-0.06027932580139786
44,19,"100-cells.10x, 9",MinSum.budget-10.adaptive,0.991624675891094,-0.008410594206266707
45,5,"100-cells.10x, 9",MinSum.budget-10.adaptive,0.5144453787044814,-0.6646658931834984
46,12,"100-cells.10x, 9",MinSum.budget-10.adaptive,0.9498584370861309,-0.051442319084725525
47,12,"100-cells.10x, 9",MinSum.budget-10.adaptive,0.9796250028904344,-0.020585430658556475
48,19,"100-cells.10x, 9",MinSum.budget-10.adaptive,0.9879768307046689,-0.0120960322130177
49,14,"100-cells.10x, 9",MinSum.budget-10.adaptive,0.9762291720338836,-0.024057912720224325
50,22,"100-cells.10x, 9",MinSum.budget-10.adaptive,0.9752945073495427,-0.02501579477482697
51,20,"100-cells.10x, 9",MinSum.budget-10.adaptive,0.9813881676232243,-0.018787212029111214
52,13,"100-cells.10x, 9",MinSum.budget-10.adaptive,0.9650714463127941,-0.035553142753962756
53,17,"100-cells.10x, 9",MinSum.budget-10.adaptive,0.9545524464881613,-0.04651269076936031
54,17,"100-cells.10x, 9",MinSum.budget-10.adaptive,0.9713799644617235,-0.029037574708643845
55,17,"100-cells.10x, 9",MinSum.budget-10.adaptive,0.9913046750630912,-0.008733349861304843
56,22,"100-cells.10x, 9",MinSum.budget-10.adaptive,0.979412088840315,-0.020802796681748587
57,14,"100-cells.10x, 9",MinSum.budget-10.adaptive,0.9704308473261128,-0.03001513359896625
58,16,"100-cells.10x, 9",MinSum.budget-10.adaptive,0.9894351822882076,-0.010621021604846672
59,16,"100-cells.10x, 9",MinSum.budget-10.adaptive,0.9895146633365086,-0.010540695113986396
60,21,"100-cells.10x, 9",MinSum.budget-10.adaptive,0.9880884241222965,-0.011983087139494846
61,20,"100-cells.10x, 9",MinSum.budget-10.adaptive,0.9979061671930172,-0.0020960279395903277
62,20,"100-cells.10x, 9",MinSum.budget-10.adaptive,0.9726406081942711,-0.02774062967937134
63,16,"100-cells.10x, 9",MinSum.budget-10.adaptive,0.9920111706963984,-0.008020910978006682
64,15,"100-cells.10x, 9",MinSum.budget-10.adaptive,0.9622528028272078,-0.038478074037688346
65,19,"100-cells.10x, 9",MinSum.budget-10.adaptive,0.9903814641309011,-0.00966509276520951
66,21,"100-cells.10x, 9",MinSum.budget-10.adaptive,0.9891385711344916,-0.01092084480367856
67,15,"100-cells.10x, 9",MinSum.budget-10.adaptive,0.9356049522364089,-0.06656195117324328
68,18,"100-cells.10x, 9",MinSum.budget-10.adaptive,0.988513843761333,-0.01155263165280664
69,20,"100-cells.10x, 9",MinSum.budget-10.adaptive,0.982045398165637,-0.0181177413850198
70,19,"100-cells.10x, 9",MinSum.budget-10.adaptive,0.9553316164779516,-0.04569675639080134
71,16,"100-cells.10x, 9",MinSum.budget-10.adaptive,0.9760335192791384,-0.0242583496350625
72,21,"100-cells.10x, 9",MinSum.budget-10.adaptive,0.9729783729240448,-0.02739342425380268
73,16,"100-cells.10x, 9",MinSum.budget-10.adaptive,0.9332199377076262,-0.06911437418136249
74,16,"100-cells.10x, 9",MinSum.budget-10.adaptive,0.9888156395501534,-0.01124737570663176
75,19,"100-cells.10x, 9",MinSum.budget-10.adaptive,0.9489504196523842,-0.05239872657117587
76,18,"100-cells.10x, 9",MinSum.budget-10.adaptive,0.977386632085699,-0.022872971254450147
77,17,"100-cells.10x, 9",MinSum.budget-10.adaptive,0.9741561539548181,-0.026183665854311915
78,20,"100-cells.10x, 9",MinSum.budget-10.adaptive,0.9808564011479758,-0.01932921020480171
79,15,"100-cells.10x, 9",MinSum.budget-10.adaptive,0.9632028263010785,-0.037491270149204343
80,17,"100-cells.10x, 9",MinSum.budget-10.adaptive,0.9709256775603171,-0.029505355782705203
81,18,"100-cells.10x, 9",MinSum.budget-10.adaptive,0.9497480792162298,-0.051558509326313104
82,14,"100-cells.10x, 9",MinSum.budget-10.adaptive,0.9767142917204366,-0.023561103974313748
83,19,"100-cells.10x, 9",MinSum.budget-10.adaptive,0.9731989676756863,-0.02716672882581232
84,21,"100-cells.10x, 9",MinSum.budget-10.adaptive,0.9934858561532044,-0.006535453474890751
85,16,"100-cells.10x, 9",MinSum.budget-10.adaptive,0.9727428276872319,-0.027635540378034198
86,13,"100-cells.10x, 9",MinSum.budget-10.adaptive,0.9592500200433498,-0.04160352896026206
87,16,"100-cells.10x, 9",MinSum.budget-10.adaptive,0.9509370949886217,-0.05030736479840078
88,20,"100-cells.10x, 9",MinSum.budget-10.adaptive,0.9886002517898159,-0.0114652234159908
89,20,"100-cells.10x, 9",MinSum.budget-10.adaptive,0.9869717160520408,-0.013113896441488452
90,16,"100-cells.10x, 9",MinSum.budget-10.adaptive,0.9220899289950653,-0.081112523310951
91,16,"100-cells.10x, 9",MinSum.budget-10.adaptive,0.9863105708264216,-0.013783993421282038
92,17,"100-cells.10x, 9",MinSum.budget-10.adaptive,0.9554799473417394,-0.04554150208221932
93,10,"100-cells.10x, 9",MinSum.budget-10.adaptive,0.9834225865597407,-0.0167163564424081
94,19,"100-cells.10x, 9",MinSum.budget-10.adaptive,0.9917555405069626,-0.008278633006919773
95,16,"100-cells.10x, 9",MinSum.budget-10.adaptive,0.9756530984285168,-0.0246481876879424
96,24,"100-cells.10x, 9",MinSum.budget-10.adaptive,0.9702546338969691,-0.030196732762079452
97,26,"100-cells.10x, 9",MinSum.budget-10.adaptive,0.976497478522616,-0.0237831108268365
98,17,"100-cells.10x, 9",MinSum.budget-10.adaptive,0.9778481339786737,-0.022400903235248525
99,17,"100-cells.10x, 9",MinSum.budget-10.adaptive,0.9925799881628697,-0.00744767706077585
